Name,URL,Rating,City,Location,Jobs,Reviews,Best About,Description
MB Bank,https://itviec.com/companies/mb-bank/review,4.9,Ha Noi,"Tòa nhà MB, số 18 Lê Văn Lương, Phường Yên Hòa, Ha Noi",36,124,Training & learning,Ngân hàng TMCP Quân Đội (MB)
Bosch Global Software Technologies Company Limited,https://itviec.com/companies/bosch-global-software-technologies-company-limited/review,3.4,Ho Chi Minh,"364 Cong Hoa street, Tan Binh, Ho Chi Minh",18,304,Office & workspace,The Bosch Group is a leading global supplier of technology and services
NAB Innovation Centre Vietnam,https://itviec.com/companies/nab-innovation-centre-vietnam/review,4.6,Ho Chi Minh,"The Capital Place, 29 Lieu Giai Street, Ngoc Ha Ward, Hanoi City, Vietnam, Ngoc Ha, Ha Noi",15,69,Office & workspace,The NAB Innovation Centre Vietnam is owned by NAB - Australia’s largest ...
One Mount Group,https://itviec.com/companies/one-mount-group/review,4.4,Ha Noi,"Tower 2 (T26) Times City, 458 Minh Khai, Ha Noi",12,34,Office & workspace,ONE MOUNT | GROW TOGETHER
MiTek Vietnam,https://itviec.com/companies/mitek-vietnam/review,4.8,Ho Chi Minh,"Tòa nhà A5, Lô số A5, khu E-Office, đường Sáng Tạo, KCX Tân Thuận, Tan Thuan, Ho Chi Minh",8,4,Office & workspace,"Join us, Develop with us!"
Ngân Hàng Á Châu | ACB,https://itviec.com/companies/ngan-hang-a-chau-acb/review,3.8,Ho Chi Minh,"442 Nguyễn Thị Minh Khai, Ho Chi Minh",7,23,Office & workspace,Asia Commercial Bank (ACB)
KMS Technology,https://itviec.com/companies/kms-technology/review,4.0,Ho Chi Minh,"02 Tan Vien, Tan Son Hoa, Ho Chi Minh",6,257,Office & workspace,Building Products & Systems that Shape the Future
Scandinavian Software Park,https://itviec.com/companies/scandinavian-software-park/review,4.9,Ha Noi,"Tầng 19, tòa nhà Peakview Tower, 36 Hoàng Cầu, Ô Chợ Dừa, Hà Nội, Dong Da, Ha Noi",6,86,Office & workspace,Scandinavian Software Park is a tech hub for Scandinavia’s market leadin...
ONE Tech Stop Vietnam Company Ltd,https://itviec.com/companies/one-tech-stop-vietnam-company-ltd/review,4.9,Da Nang,"Tầng 3-4 tòa nhà Phi Long, 52 Nguyễn Văn Linh, Da Nang",6,45,Salary & benefits,Join us if you love to build a huge product for the 6th largest shipping...
SACOMBANK,https://itviec.com/companies/sacombank/review,3.4,Ho Chi Minh,"Nam Ky Khoi Nghia, Ho Chi Minh",6,13,Culture & fun,Đồng hành cùng phát triển
"ANDPAD VietNam Co., Ltd",https://itviec.com/companies/andpad-vietnam-co-ltd/review,4.8,Ho Chi Minh,"3rd Floor, Dong Nhan Building, 90 Nguyen Dinh Chieu, Tan Dinh Ward, Tan Dinh, Ho Chi Minh",6,12,Culture & fun,No.1 Construction Tech Company in Japan
GoTymeX,https://itviec.com/companies/gotymex/review,4.8,Ho Chi Minh,"Level 6-7, East Tower, Lumiere Riverside, 277 Vo Nguyen Giap, An Khanh Ward, An Phu, Ho Chi Minh",5,326,Culture & fun,GoTymeX is a part of Tyme Group - one of the world’s fastest-growing dig...
NAVER VIETNAM,https://itviec.com/companies/naver-vietnam/review,4.8,Ho Chi Minh,"4th and 9th Floor, Block B, Viettel Building, 285 Cach Mang Thang Tam Street, Hoa Hung Ward, Ho Chi Minh city, Hoa Hung, Ho Chi Minh",5,256,Training & learning,NAVER VIETNAM
Panasonic Vietnam Group – Panasonic R&D Center Vietnam (PRDCV),https://itviec.com/companies/panasonic-vietnam-group-panasonic-r-d-center-vietnam-prdcv/review,4.3,Ha Noi,"Lotte Tower, 54 Lieu Giai, Ha Noi",5,91,Office & workspace,Unlock PRDCV Potential for Future Growth!
Capgemini Vietnam,https://itviec.com/companies/capgemini-vietnam/review,3.2,Ho Chi Minh,"106 Nguyen Van Troi, Phu Nhuan, Ho Chi Minh",5,71,Office & workspace,One of the world leading company in IT services
Viettel Group,https://itviec.com/companies/viettel-group/review,3.7,Ha Noi,"Toà nhà Viettel, số 1 Trần Hữu Dực, Từ Liêm, Hà Nội, Tu Liem, Ha Noi",5,44,Office & workspace,SHOW US YOUR WAY
SHINHAN DS,https://itviec.com/companies/shinhan-ds/review,3.9,Ho Chi Minh,"11th Floor, The Mett Tower, Tran Bach Dang Street, An Khanh, Ho Chi Minh",5,14,Office & workspace,Shinhan DS Vietnam
VNG Corporation,https://itviec.com/companies/vng-corporation/review,4.0,Ho Chi Minh,"Phố Nguyễn Chí Thanh, Phường Láng Thượng, Ha Noi",4,266,Office & workspace,Build Technologies and Grow People. From Vietnam to the world.
LG Electronics Development Vietnam (LGEDV),https://itviec.com/companies/lg-electronics-development-vietnam-lgedv/review,4.4,Ha Noi,"Tầng 3, Tòa Nhà Parkson, số 255 Hùng Vương, Phường Hải Châu, Đà Nẵng, Hai Chau, Da Nang",4,137,Culture & fun,LG Electronics Development Vietnam (LGEDV)
ELCA,https://itviec.com/companies/elca/review,3.7,Ho Chi Minh,"CII Building, 152 Dien Bien Phu, Thanh My Tay Ward , Ho Chi Minh",4,116,Training & learning,ELCA Vietnam – A Trusted IT Partner with Swiss Excellence
M_Service (MoMo),https://itviec.com/companies/m_service-momo/review,3.8,Ho Chi Minh,"6th Floor, Phu My Hung Tower, 08 Hoang Van Thai Str, Tan Mỹ Ward, Ho Chi Minh",4,65,Office & workspace,MoMo is Vietnam’s leading mobile e-wallet and over-the-counter (OTC) rem...
NEC Vietnam,https://itviec.com/companies/nec-vietnam/review,3.7,Ho Chi Minh,"9 Floor, Etown 3, 364 Cong Hoa, Tan Binh, Ho Chi Minh",4,51,Office & workspace,ONE OF THE TOP ICT JAPANESE COMPANIES IN VIETNAM
TIKI,https://itviec.com/companies/tiki/review,4.1,Ho Chi Minh,"Halo building, 208 Cô Bắc street, Cầu Ông Lãnh ward, Ho Chi Minh",4,45,Office & workspace,"TIKI.VN is the leading online retailer in Vietnam, offering seamless end..."
Saigon Technology,https://itviec.com/companies/saigon-technology/review,4.1,Ho Chi Minh,"Orchard Parkview, 130 – 132 Hong Ha, Ward 9, Ho Chi Minh",4,37,Culture & fun,A fast growing software development company in Viet Nam
HRS Group,https://itviec.com/companies/hrs-group/review,4.8,Ho Chi Minh,"Anna building, Quang Trung software city, Ho Chi Minh",4,25,Culture & fun,"WE REINVENT HOW BUSINESSES STAY, WORK AND PAY"
Crossian,https://itviec.com/companies/crossian/review,4.4,Ha Noi,"Tầng 1, Tòa nhà Pax Sky, 63-65 phố Ngô Thì Nhậm, Phường Phạm Đình Hổ, Ha Noi",4,24,Salary & benefits,Crossian-Leading and Leveling the playing field for cross-border Ecommerce
TRUONG MINH THINH TECHNOLOGY JOINT STOCK COMPANY,https://itviec.com/companies/truong-minh-thinh-technology-joint-stock-company/review,4.1,Ho Chi Minh,"Tòa nhà Bohemia, Số 26, đường 19/5A, KCN Tân Bình, P.Tây Thạnh, Ho Chi Minh",4,13,Culture & fun,Công Ty Cổ Phần Công Nghệ Trường Minh Thịnh
VinSmart Future,https://itviec.com/companies/vinsmart-future/review,3.7,Ha Noi,"Tòa nhà TechnoPark, Oceanpark, Đa Tốn, Ha Noi",4,13,Salary & benefits,Vin Smart Future
Simpson Strong-Tie Vietnam,https://itviec.com/companies/simpson-strong-tie-vietnam/review,4.0,Ho Chi Minh,"9th Floor, Etown 6 Building, 364 Cong Hoa Street, Tan Binh Ward, Ho Chi Minh City, Tan Binh, Ho Chi Minh",4,12,Office & workspace,"We provide No-Equal Engineering Services including constructions, mechan..."
MSB,https://itviec.com/companies/msb/review,3.4,Ha Noi,"ROX Tower, 54A Nguyen Chi Thanh, phuong Lang Thuong, Ha Noi",4,8,Culture & fun,"Ngay từ khi thành lập, MSB đã ghi dấu ấn trong ngành Ngân hàng khi tiên ..."
8Seneca,https://itviec.com/companies/8seneca/review,4.5,Ha Noi,"19F, Coninco Tower 4 Tôn Thất Tùng, Kim Lien, Ha Noi",4,6,Office & workspace,Pure play IT team extensions B2b exclusive outsourcing of highly qualifi...
FPT Software,https://itviec.com/companies/fpt-software/review,3.7,Ho Chi Minh,"FPT Software Đường D1 Phường Tân Phú , Ho Chi Minh",3,2139,Office & workspace,The leading provider of software outsourcing services in Vietnam
SMG Swiss Marketplace Group,https://itviec.com/companies/smg-swiss-marketplace-group/review,4.8,Ho Chi Minh,"Viettel Tower, 285 CMT8, Hoa Hung, Ho Chi Minh",3,72,Management cares about me,"2024, 2025 Vietnam Best IT Companies ! Engineering leading marketplace p..."
"MONEY FORWARD VIETNAM CO.,LTD",https://itviec.com/companies/money-forward-vietnam-co-ltd/review,4.5,Ho Chi Minh,"Tòa nhà E.Town Central, Số 11 Đoàn Văn Bơ, Phường Xóm Chiếu, TP.HCM, Ho Chi Minh",3,43,Office & workspace,Top 1 Fintech Company
GrapeCity,https://itviec.com/companies/grapecity/review,4.1,Ha Noi,"Tầng 12B tòa nhà Machinco, 444 Hoàng Hoa Thám, Thụy Khuê, Ha Noi",3,27,Salary & benefits,Japanese international enterprise software developer specializing in Mic...
Cadena Vietnam,https://itviec.com/companies/cadena-vietnam/review,4.1,Ho Chi Minh,"Tòa nhà Aloha, 68 Hồng Hà, Tan Son Hoa, Ho Chi Minh",3,15,Culture & fun,"What makes Cadena, Cadena"
Rakus Vietnam Company,https://itviec.com/companies/rakus-vietnam-company/review,5.0,Ho Chi Minh,"Tầng 6, Tòa Nhà 3 Bees Tower, 281 Nguyễn Văn Trỗi,, Phu Nhuan, Ho Chi Minh",3,14,Management cares about me,Our cloud services are No.1 market share in back-office web services in ...
Pizza Hut Digital & Technology,https://itviec.com/companies/pizza-hut-digital-technology/review,4.8,Ho Chi Minh,"Waseco Building - 10 Pho Quang Street, Ward 02, Tan Son Hoa, Ho Chi Minh",3,11,Culture & fun,Pizza Hut Digital & Technology
HDBank,https://itviec.com/companies/hdbank/review,4.0,Ho Chi Minh,"25 Nguyễn Thị Minh Khai, Ho Chi Minh",3,4,Salary & benefits,Cam kết lợi ích cao nhất
BANQUP NXT,https://itviec.com/companies/banqup-nxt/review,3.3,Ho Chi Minh,"The Glory Home Building, 215B10 Nguyen Van Huong, An Khanh Ward, Ho Chi Minh",3,3,Salary & benefits,We believe that administrative and financial processes should be simple ...
MEGAZONE,https://itviec.com/companies/megazone/review,4.0,Ha Noi,"54 Lieu Giai, Ha Noi",3,3,Office & workspace,Cloud Innovator
Samsung Electronics HCMC CE Complex,https://itviec.com/companies/samsung-electronics-hcmc-ce-complex/review,4.9,Ho Chi Minh,"Lot I-11, D2 Road, Saigon Hi-tech Park, Tang Nhon Phu, Ho Chi Minh",2,531,Salary & benefits,World's Best from Vietnam
GFT Technologies Vietnam,https://itviec.com/companies/gft-technologies-vietnam/review,4.9,Ho Chi Minh,"29A Nguyen Dinh Chieu, Ho Chi Minh",2,154,Salary & benefits,Building technology to revolutionise the Digital Banking with Cloud engi...
Renesas Design Vietnam,https://itviec.com/companies/renesas-design-vietnam/review,3.5,Ho Chi Minh,"31 Tan Thuan, Ho Chi Minh",2,110,Training & learning,Who We Are: The World - Leading Embedded Solution Provider
RIKKEISOFT,https://itviec.com/companies/rikkeisoft/review,3.7,Ha Noi,"Tầng 18, tòa nhà Vinacomin, 3 Dương Đình Nghệ, Ha Noi",2,105,Culture & fun,Top 30 Công ty IT hàng đầu tại Việt Nam về sản xuất phần mềm
Netcompany,https://itviec.com/companies/netcompany/review,4.4,Ho Chi Minh,"Opal Tower 92 Nguyen Huu Canh Street, Thanh My Tay, Ho Chi Minh",2,91,Office & workspace,Part of a global success and a strong team in Vietnam
"Rakuten Fintech Vietnam Co., Ltd.",https://itviec.com/companies/rakuten-fintech-vietnam-co-ltd/review,4.8,Ho Chi Minh,"24th-25th Floor, A&B Tower, 76A Le Lai Street, Ben Thanh Ward, Ben Thanh, Ho Chi Minh",2,72,Office & workspace,"Rakuten Fintech Vietnam Co., Ltd."
LARION,https://itviec.com/companies/larion/review,4.3,Ho Chi Minh,"QTSC Building 1, Quang Trung Software City, Trung My Tay, Ho Chi Minh",2,69,Training & learning,LARION - One of the leading Software Outsourcing Services &amp; Business...
SHBFinance,https://itviec.com/companies/shbfinance/review,4.9,Ha Noi,"Gelex Tower, 52 Lê Đại Hành, phường Lê Đại Hành, Ha Noi",2,63,Salary & benefits,SHBFinance - Nơi làm việc tốt nhất châu Á
F88,https://itviec.com/companies/f88/review,4.3,Ha Noi,"Tòa nhà G-Group, 05 Nguyễn Thị Duệ, P. Yên Hòa, Ha Noi",2,42,Culture & fun,F88 Business Joint Stock Company
Persol Career Tech Studio Vietnam,https://itviec.com/companies/persol-career-tech-studio-vietnam/review,4.4,Ho Chi Minh,"4th Floor An Phu Plaza, Xuan Hoa Ward, Ho Chi Minh",2,36,Culture & fun,GIVE PEOPLE THE POWER TO OWN THEIR WORK- LIFE
Innotech Vietnam Corporation,https://itviec.com/companies/innotech-vietnam-corporation/review,3.5,Ho Chi Minh,"No.33, Ba Vi Street, Tan Son Nhat, Ho Chi Minh",2,30,Culture & fun,Empowering enterprises with comprehensive AI solutions &amp; core softwa...
Officience,https://itviec.com/companies/officience/review,3.7,Ho Chi Minh,"F-Central, 16A Le Hong Phong,, Hoa Hung, Ho Chi Minh",2,30,Culture & fun,Offsharing in Vietnam
HSC,https://itviec.com/companies/hsc/review,4.8,Ho Chi Minh,"AB Tower, 76A Le Lai, Ben Thanh, Ho Chi Minh",2,29,Management cares about me,Ho Chi Minh City Securities Corporation (HSC)
Thai Son Soft,https://itviec.com/companies/thai-son-soft/review,3.9,Ha Noi,"15 Dang Thuy Tram, Nghia Do, Ha Noi",2,27,Office & workspace,Công ty Phát triển công nghệ Thái Sơn là công ty hoạt động trong lĩnh vự...
Athena Studio,https://itviec.com/companies/athena-studio/review,4.9,Ho Chi Minh,"40A Lam Sơn, Phường 2, Ho Chi Minh",2,26,Management cares about me,Athena Studio - A playful workplace for smart and creative talent.
FE CREDIT,https://itviec.com/companies/fe-credit/review,3.4,Ho Chi Minh,"REE Tower, 9 Doan Van Bo, Ward 12, Ho Chi Minh",2,23,Salary & benefits,FE CREDIT
Buymed,https://itviec.com/companies/buymed/review,4.0,Ho Chi Minh,"Vincom Center Đồng Khởi, 45A Lý Tự Trọng, p. Bến Nghé,, Ho Chi Minh",2,22,Salary & benefits,Significantly impact healthcare by solving complex issues
VNEXT SOFTWARE,https://itviec.com/companies/vnext-software/review,3.5,Ha Noi,"Tầng 17, 18, 19 Tòa Central Point, 219 Trung Kính, Ha Noi",2,21,Office & workspace,Công ty tư vấn phát triển phần mềm cho đối tác chủ yếu là Nhật Bản
OL Vietnam,https://itviec.com/companies/ol-vietnam/review,4.3,Ho Chi Minh,"Tòa nhà Saigon Trade Center (37 Tôn Đức Thắng), Sai Gon, Ho Chi Minh",2,20,Salary & benefits,OL Vietnam - The Digital Asset Management trusted by top brands and lead...
Extreme Việt Nam,https://itviec.com/companies/extreme-viet-nam/review,4.2,Ha Noi,"Tầng 31, tòa Keangnam Hanoi Landmark 72, Lô E6, Đường Phạm Hùng, Phường Yên Hòa, Hà Nội, Cau Giay, Ha Noi",2,19,Office & workspace,Nhà cung cấp dịch vụ phần mềm hàng đầu thị trường Nhật Bản
Ahasoft,https://itviec.com/companies/ahasoft/review,4.2,Ho Chi Minh,"MIOS Building, 121 Hoang Hoa Tham Street, Gia Dinh, Ho Chi Minh",2,18,Management cares about me,Happy employees make happy customers!
Deliveree On-Demand Logistics,https://itviec.com/companies/deliveree-on-demand-logistics/review,4.0,Ho Chi Minh,"1/12 Hoàng Việt, Phường 4, Tân Bình, Hồ Chí Minh, Vietnam, Ho Chi Minh",2,18,Office & workspace,"At Deliveree, we disrupt the logistics industry with technologies."
LIFULL Tech Vietnam,https://itviec.com/companies/lifull-tech-vietnam/review,3.8,Ho Chi Minh,"17 Đường số 2, Cư xá Đô Thành, Ho Chi Minh",2,17,Management cares about me,LIFULL Tech Vietnam - Công ty con thuộc tập đoàn LIFULL của Nhật Bản
Sioux High Tech Software,https://itviec.com/companies/sioux-high-tech-software/review,4.5,Da Nang,"74 Bạch Đằng, Da Nang",2,17,Management cares about me,We bring high-tech to life together with a team of driven engineers!
Live Payments,https://itviec.com/companies/live-payments/review,4.5,Ho Chi Minh,"Floor 12, Halo Signature Building, 257 Điện Biên Phủ, Xuan Hoa Ward, Ho Chi Minh City, Ho Chi Minh",2,13,Salary & benefits,Solutions to enable your business
bbv Vietnam,https://itviec.com/companies/bbv-vietnam/review,4.3,Ho Chi Minh,"Anna Building, QTSC, Trung My Tay, Ho Chi Minh",2,12,Salary & benefits,"bbv Vietnam stands for top quality in consulting, first class software e..."
GHN,https://itviec.com/companies/ghn/review,3.8,Ho Chi Minh,"3rd Floor, Rivera Park Building, 7/28 Thanh Thai, Ho Chi Minh",2,12,Office & workspace,Giaohangnhanh (GHN) is a leading technology-driven logistics company in ...
Bravo,https://itviec.com/companies/bravo/review,3.9,Ha Noi,"Tầng 7, Tòa nhà 311 – 313 Trường Chinh, Ha Noi",2,11,Management cares about me,Công ty Cổ phần Phần mềm BRAVO
Offspring Digital Viet Nam,https://itviec.com/companies/offspring-digital-viet-nam/review,4.3,Ha Noi,"249A Thuy Khue, Tay Ho, Ha Noi",2,9,Office & workspace,"We are a boutique digital production studio, that works with Australian ..."
VNDIRECT,https://itviec.com/companies/vndirect/review,3.6,Ha Noi,"VCCI Tower, 9 Dao Duy Anh, Ha Noi, Ha Noi",2,9,Office & workspace,Hội tụ trí tuệ - Lan tỏa thành công
Manifera Software Development,https://itviec.com/companies/manifera-software-development/review,4.3,Ho Chi Minh,"10 Pho Quang, Tan Son Hoa Ward, Ho Chi Minh",2,8,Management cares about me,"An International and Dynamic Software Development Company, where you can..."
CODE88 COMPANY LIMITED,https://itviec.com/companies/code88-company-limited/review,4.1,Ho Chi Minh,"6th Floor, Menas Mall Saigon Airport, 60A Truong Son, Tan Son Hoa Ward, Tan Son Hoa, Ho Chi Minh",2,7,Office & workspace,Building Smarter Solutions
Titan DMS,https://itviec.com/companies/titan-dms/review,4.0,Ho Chi Minh,"182 Lê Đại Hành, Ho Chi Minh",2,7,Office & workspace,Titan DMS is a leading developer and supplier of cloud based software so...
GON TECH,https://itviec.com/companies/gon-tech/review,4.5,Ho Chi Minh,"Số 669 Điện Biên Phủ, Phường Thạnh Mỹ Tây, Ho Chi Minh",2,6,Culture & fun,GON TECH
LOGICENTRA,https://itviec.com/companies/logicentra/review,4.8,Ho Chi Minh,"Toà nhà 678, 67 Hoàng Văn Thái, Phường Tân Mỹ, Tan My, Ho Chi Minh",2,4,Management cares about me,LOGICENTRA
TMA Solutions,https://itviec.com/companies/tma-solutions/review,3.2,Ho Chi Minh,"111 Nguyễn Ðình Chính, Phường Cầu Kiệu, TP.HCM, Ho Chi Minh",1,640,Training & learning,TMA Technology Group – Tập đoàn Công nghệ hàng đầu Việt Nam
NashTech,https://itviec.com/companies/nashtech/review,3.9,Ho Chi Minh,"364 Cong Hoa Street, Ho Chi Minh",1,317,Training & learning,"Global software, offshore development and IT company."
Hitachi Digital Services,https://itviec.com/companies/hitachi-digital-services/review,3.3,Ho Chi Minh,"Helios Bldg + QTSC9, Quang Trung Software City, Tan Chanh Hiep Ward, Trung My Tay, Ho Chi Minh",1,256,Culture & fun,Hitachi Digital Services Vietnam
Restaff – House Of Norway,https://itviec.com/companies/restaff-house-of-norway/review,4.7,Ho Chi Minh,"Centec Tower - 72-74 Nguyen Thi Minh Khai, Xuan Hoa, Ho Chi Minh",1,139,Office & workspace,Experienced software development business from Norway
Creative Force,https://itviec.com/companies/creative-force/review,4.9,Ha Noi,"2nd Floor, Detech II Tower, 107 Nguyen Phong Sac Str, Cau Giay, Ha Noi",1,134,Salary & benefits,"Help the creative industry create their best work, every day."
FPT IS,https://itviec.com/companies/fpt-is/review,3.3,Ha Noi,"Landmark 72, E6 Pham Hung, Ha Noi",1,134,Culture & fun,Co- create the next!
Hybrid Technologies,https://itviec.com/companies/hybrid-technologies/review,4.1,Ho Chi Minh,"Dong Nhan Building, 90 Nguyen Dinh Chieu, Da Kao, Ho Chi Minh",1,131,Office & workspace,HYBRID TECHNOLOGIES - New view with you !
MTI TECHNOLOGY,https://itviec.com/companies/mti-technology/review,4.6,Ho Chi Minh,"20 Cong Hoa Garden, Cong Hoa, Ho Chi Minh",1,110,Management cares about me,Best Applied-Agile Methodology and Innovative Company in Vietnam
EPAM Vietnam,https://itviec.com/companies/epam-vietnam/review,4.7,Ho Chi Minh,"Remotely, Floor 13, MB Sunny Tower, 259 Tran Hung Dao, Cau Ong Lanh, Ho Chi Minh",1,92,Training & learning,"EPAM Systems, Inc. is a leading digital transformation services and prod..."
Grab (Vietnam) Ltd.,https://itviec.com/companies/grab-vietnam-ltd/review,4.7,Ho Chi Minh,"Mapletree Business Centre, Ho Chi Minh",1,86,Culture & fun,Driving Southeast Asia Forward Together
Terralogic,https://itviec.com/companies/terralogic/review,3.8,Ho Chi Minh,"Mitalab Tower, 379 - 383B - 385 Cong Hoa Street, Tan Binh, Ho Chi Minh",1,62,Office & workspace,Terralogic is an Engineering & IT services company
Zuhlke Engineering Vietnam,https://itviec.com/companies/zuhlke-engineering-vietnam/review,4.6,Ho Chi Minh,"The Sentry P Building - 7th Floor, 16 Nguyen Dang Giai, An Khanh, Ho Chi Minh",1,62,Culture & fun,Do work that matters – From Ideation to Implementation and Beyond. Your ...
Parcel Perform,https://itviec.com/companies/parcel-perform/review,4.8,Ho Chi Minh,"The Grace Tower, 71, đường Hoàng Văn Thái, Tân Phú,, Tan My, Ho Chi Minh",1,59,Management cares about me,Parcel Perform is the leading delivery experience platform for businesse...
"Toshiba Software Development (Viet Nam) Co, Ltd",https://itviec.com/companies/toshiba-software-development-viet-nam-co-ltd/review,3.5,Ha Noi,"519 Kim Ma, Ha Noi",1,57,Culture & fun,A social infrastructure and digital products software company
ZIGExN VeNtura,https://itviec.com/companies/zigexn-ventura/review,4.5,Ho Chi Minh,"11F, Vina Building, 131 Xo Viet Nghe Tinh, Ward 17, Ho Chi Minh",1,55,Culture & fun,Get excited to create Life Media Platforms from Vietnam to the World
DXC Luxoft Vietnam,https://itviec.com/companies/dxc-luxoft-vietnam/review,4.4,Others,"Etown 5, 364 Cong Hoa, Ho Chi Minh",1,40,Management cares about me,Join DXC Vietnam to turbocharge your professional development
Vietlink,https://itviec.com/companies/vietlink/review,4.3,Ho Chi Minh,"2nd Floor, Central Park, 117-119-121 Nguyen Du, Ben Thanh, District 1, HCMC, Ben Thanh, Ho Chi Minh",1,39,Management cares about me,Aspire to be the company you want to come back to the next morning
Optimizely,https://itviec.com/companies/optimizely/review,4.6,Ha Noi,"165 Thái Hà, Ha Noi",1,38,Office & workspace,We’re on a mission to help people unlock their digital potential
FireGroup,https://itviec.com/companies/firegroup/review,4.4,Ho Chi Minh,"Flemington Tower, 182 Le Dai Hanh Street, Phu Tho, Ho Chi Minh",1,35,Culture & fun,FIREGROUP TECHNOLOGY
CO-WELL ASIA,https://itviec.com/companies/co-well-asia/review,3.8,Ha Noi,"3 Duy Tan St., Cau Giay, Ha Noi",1,33,Culture & fun,"Sứ mệnh“ Cung cấp các dịch vụ IT chất lượng Nhật Bản bằng nguồn lực Châu Á"""
Techcombank,https://itviec.com/companies/techcombank/review,3.6,Ha Noi,"Số 6 Quang Trung, phường Trần Hưng Đạo, Ha Noi",1,33,Office & workspace,Techcombank- The leading commercial bank in Vietnam
IVC (ISB Vietnam),https://itviec.com/companies/ivc-isb-vietnam/review,3.5,Ho Chi Minh,"Etown 2, 364 Cong Hoa, Tan Binh, Ho Chi Minh",1,32,Office & workspace,ISB Vietnam Company Limited was established in 2003 with 100% investment...
Thoughtworks Vietnam,https://itviec.com/companies/thoughtworks-vietnam/review,4.9,Ho Chi Minh,"15th Floor, Pearl 5, 5 Le Quy Don, Vo Thi Sau Ward, Ho Chi Minh",1,32,Training & learning,"A global tech consultancy that integrates design, engineering and AI to ..."
Lac Viet Computing Corporation,https://itviec.com/companies/lac-viet-computing-corporation/review,3.3,Ho Chi Minh,"23 Nguyen Thi Huynh, Ho Chi Minh",1,29,Office & workspace,LẠC VIỆT – Hơn 20 năm luôn tiên phong trong ngành điện toán
SPS Vietnam,https://itviec.com/companies/sps-vietnam/review,3.7,Ho Chi Minh,"Saigon ICT Tower, Quang Trung Software City, Ho Chi Minh",1,27,Culture & fun,"The international leading IT company, awarded TOP 5 ICT in Vietnam"
Chotot,https://itviec.com/companies/chotot/review,3.6,Ho Chi Minh,"UOA Tower - 6 Tan Trao, Tan Phu, Tan My, Ho Chi Minh",1,25,Office & workspace,Vietnam's leading online classified site with the passion to make life m...
FLINTERS VIETNAM,https://itviec.com/companies/flinters-vietnam/review,4.3,Ha Noi,"CMC tower, 11 Duy Tan , Ha Noi",1,25,Culture & fun,"We are a Japanese IT Company that embraces openness, creativity, and pas..."
Travala.com,https://itviec.com/companies/travala-com/review,5.0,Ha Noi,"Tòa nhà Udic Complex, đường Hoàng Đạo Thúy, Phường Yên Hòa, Thành phố Hà Nội, Yen Hoa, Ha Noi",1,25,Management cares about me,The world’s leading blockchain-based travel booking platform
Designveloper (DSV),https://itviec.com/companies/designveloper-dsv/review,4.3,Ho Chi Minh,"No. 53-55-57, Pho Duc Chinh street, Nguyen Thai Binh ward, Ho Chi Minh",1,24,Culture & fun,"Designveloper is a youthful &amp; innovative team expertise in web, soft..."
"VAND Co., Ltd",https://itviec.com/companies/vand-co-ltd/review,4.1,Ho Chi Minh,"Tầng 5, tòa nhà Devspace, 86-88 Lê Văn Duyệt, Gia Dinh, Ho Chi Minh",1,23,Culture & fun,"VAND Co., Ltd"
Garena Vietnam,https://itviec.com/companies/garena-vietnam/review,3.5,Ho Chi Minh,"Tầng 24, Tòa nhà Saigon Center 2, số 67 đường Lê Lợi, Phường Sài Gòn, Thành phố Hồ Chí Minh, Việt Nam, Binh Thanh, Ho Chi Minh",1,22,Office & workspace,Connect The Dots To Connect The World
SystemEXE Việt Nam,https://itviec.com/companies/systemexe-viet-nam/review,3.2,Ho Chi Minh,"Tầng 2, Etown1, 364 Cộng Hòa, Ho Chi Minh",1,22,Training & learning,"Công ty IT Nhật Bản tại Việt Nam chuyên tư vấn, thiết kế, phát triển các..."
VPBank,https://itviec.com/companies/vpbank/review,3.4,Ha Noi,"89 Lang Ha, Ha Noi",1,22,Salary & benefits,HOME OF TALENTS
Accenture,https://itviec.com/companies/accenture/review,3.6,Ho Chi Minh,"9th Floor, Viettel Tower, 285 Cach Mang Thang 8, Hoa Hung, Ho Chi Minh",1,21,Office & workspace,A global professional services company with leading capabilities in digi...
DTS Software Vietnam,https://itviec.com/companies/dts-software-vietnam/review,4.0,Ha Noi,"Tầng 3, 266 Đội Cấn, phường Ngọc Hà , Ha Noi",1,20,Management cares about me,EMPOWERING TECH – BUILDING OUR GREEN FUTURE
NEXON DEV VINA,https://itviec.com/companies/nexon-dev-vina/review,4.3,Ho Chi Minh,"UOA Tower, 11th Floor, 06 Tan Trao Street, Tan My, Ho Chi Minh",1,19,Office & workspace,NEXON DEV VINA
Outcubator,https://itviec.com/companies/outcubator/review,3.5,Ha Noi,"số 58 đường Tô Ngọc Vân, phường Hồng Hà, thành phố Hà Nội, Việt Nam , Hong Ha, Ha Noi",1,19,Office & workspace,Building the next generation of global payments platform
Allexceed Việt Nam,https://itviec.com/companies/allexceed-viet-nam/review,3.6,Ho Chi Minh,"15th floor, Opal Tower, 92 Nguyen Huu Canh, Thanh My Tay, Ho Chi Minh",1,18,Salary & benefits,Allexceed Việt Nam
WebMD Health Services,https://itviec.com/companies/webmd-health-services/review,3.8,Ho Chi Minh,"68 Phan Dang Luu, P5, Ho Chi Minh",1,17,Office & workspace,WebMD Health Services is part of the WebMD family!
Dai-ichi Life Việt Nam,https://itviec.com/companies/dai-ichi-life-viet-nam/review,4.1,Ho Chi Minh,"149-151 Nguyen Van Troi, Ward 11, Ho Chi Minh",1,16,Salary & benefits,Dai-ichi Life Việt Nam
New Ocean IS,https://itviec.com/companies/new-ocean-is/review,3.8,Ho Chi Minh,"51 Hoang Viet, Tan Son Nhat, Ho Chi Minh",1,16,Training & learning,"NOIS focuses on .NET, Azure, DevOps, Kubernetes, Microservice, Big Data ..."
SmartDev LLC,https://itviec.com/companies/smartdev-llc/review,3.7,Da Nang,"6th Floor, 81 Quang Trung, Thong Tan Xa Building, Da Nang",1,16,Office & workspace,SmartDev LLC is an Agile Software Development Company.
RiverCrane Vietnam,https://itviec.com/companies/rivercrane-vietnam/review,3.0,Ho Chi Minh,"9F Havana Tower, 132 Ham Nghi Street, Ben Thanh, Ho Chi Minh",1,14,Management cares about me,Hãy cùng chúng tôi xây dựng và phát triển RiverCrane vững mạnh cùng với ...
Saritasa,https://itviec.com/companies/saritasa/review,4.4,Ho Chi Minh,"Tầng 7, toà nhà L’Mak Long Tower, số 101-103 Nguyễn Cửu Vân, Gia Dinh, Ho Chi Minh",1,14,Management cares about me,Your scalable-total-IT-solution service company.
Bray Leino Splash Group,https://itviec.com/companies/bray-leino-splash-group/review,3.8,Ho Chi Minh,"Unit 01, Floor 13, Pearl Plaza Office Building, 561A Dien Bien Phu Street, Ward 25, Ho Chi Minh",1,13,Office & workspace,"A part of Mission Group Plc, a full-service digital marketing agency hea..."
Datalogic Việt Nam,https://itviec.com/companies/datalogic-viet-nam/review,3.8,Ho Chi Minh,"Datalogic Vietnam LLC. F04, Lot I-4A, Saigon High Tech Park, Tang Nhon Phu, Ho Chi Minh",1,13,Culture & fun,A 100% foreign owned company belonging to DATALOGIC S.p.A (Italy)
Eastgate Software,https://itviec.com/companies/eastgate-software/review,4.0,Ha Noi,"11th Foor, VCCI Tower, 09 Dao Duy Anh, Dong Da, Hanoi, Ha Noi",1,13,Culture & fun,"Eastgate Software, a Global Fortune 500 Strategic Partner"
EPOS Vietnam,https://itviec.com/companies/epos-vietnam/review,4.5,Ho Chi Minh,"9 Dinh Tien Hoang, Tan Dinh Ward, Ho Chi Minh",1,13,Office & workspace,Singapore's #1 POS system vendor empowering SMEs with powerful digital s...
Fitech,https://itviec.com/companies/fitech/review,4.0,Ha Noi,"7th Flr., A-B Tower, Imperia Garden Building, 143 Nguyen Tuan Str., Ha Noi",1,13,Salary & benefits,Providing a qualified service for your ICT resources requirement
Rexy Technology,https://itviec.com/companies/rexy-technology/review,4.8,Ho Chi Minh,"S4, The Sun Avenue, Ho Chi Minh",1,13,Management cares about me,WE THINK & CREATE YOUR WINNING FORMULA
Template.net,https://itviec.com/companies/template-net/review,3.6,Ho Chi Minh,"Phòng 6.5, Etown 2, 364 Cộng Hòa, Phường Tân Bình, Ho Chi Minh",1,13,Office & workspace,"A global platform for templates, graphic designs &amp; documents with o..."
Viettel Cyber Security,https://itviec.com/companies/viettel-cyber-security/review,4.2,Ha Noi,"Keangnam Landmark, Ha Noi",1,13,Training & learning,"Viettel Cyber Security thực hiện nhiệm vụ nghiên cứu chuyên sâu, phát tr..."
Smilegate Vietnam,https://itviec.com/companies/smilegate-vietnam/review,4.5,Ho Chi Minh,"CII Tower, 152 Dien Bien Phu, Ward 25, Thanh My Tay, Ho Chi Minh",1,12,Salary & benefits,"A FANSTATIC PLACE TO WORK! We develop global, top performance digital ga..."
Techcom Securities,https://itviec.com/companies/techcom-securities/review,3.8,Ha Noi,"191 Ba Trieu, Ha Noi",1,12,Culture & fun,Chúng tôi mang đến những trải nghiệm mới về đầu tư tích lũy của bạn!
Joblogic,https://itviec.com/companies/joblogic-2/review,4.0,Ho Chi Minh,"Lầu 7, tòa nhà Vimedimex, 246 Cong Quynh, Ben Thanh, Ho Chi Minh",1,11,Management cares about me,"SERVICE MANAGEMENT SOFTWARE - Connect your back office, mobile workforce..."
SCC Vietnam,https://itviec.com/companies/scc-vietnam/review,4.5,Ho Chi Minh,"1060 Nguyen Van Linh, Tan Phong, Ho Chi Minh",1,11,Salary & benefits,SCC Vietnam
The Rep. Office of STYL Solutions Pte. Ltd. In HCMC,https://itviec.com/companies/the-rep-office-of-styl-solutions-pte-ltd-in-hcmc/review,3.5,Ho Chi Minh,"25-27, B4 Street, Sala Urban Area, Ho Chi Minh",1,11,Office & workspace,The Ref. Office of STYL Solutions Pte. Ltd. In HCMC
Vulcan Labs,https://itviec.com/companies/vulcan-labs/review,3.8,Ho Chi Minh,"Vulcan Labs, 11-13-15, Street No. 7, An Khanh Ward, Ho Chi Minh City, An Khanh, Ho Chi Minh",1,11,Office & workspace,Vulcan Labs
Pixelz,https://itviec.com/companies/pixelz/review,4.2,Ha Noi,"107 Nguyen Phong Sac, Cau Giay, Ha Noi",1,10,Office & workspace,"Leading product image editing service for internet retailers, designers,..."
POSCO DX VIETNAM,https://itviec.com/companies/posco-dx-vietnam/review,3.0,Ho Chi Minh,"6th Floor, Cobi Tower 1, 5 Hoang Van Thai St, Phu My Hung, Ho Chi Minh",1,10,Office & workspace,"Posco DX Vietnam, một thành viên tập đoàn Thép POSCO Hàn Quốc"
VietUnion (Payoo),https://itviec.com/companies/vietunion-payoo/review,3.9,Ho Chi Minh,"35 Nguyễn Huệ, Sai Gon, Ho Chi Minh",1,10,Culture & fun,"Payoo, One-Stop Payment – Một điểm đến cho mọi thanh toán"
"NEYU Ltd.,",https://itviec.com/companies/neyu-ltd/review,4.8,Ho Chi Minh,"Dong Loi Building, 1160 Lang Street, Lang Ward, Ha Noi, Ha Noi",1,9,Office & workspace,"NEYU Ltd.,"
"Ohmyhotel&Co VN Co.,Ltd",https://itviec.com/companies/ohmyhotel-co-vn-co-ltd/review,3.9,Ho Chi Minh,"7th Floor, Mach Building, 127 Ung Van Khiem, Ho Chi Minh",1,9,Salary & benefits,Ohmyhotel&amp;Co Group is a Travel Tech company transforming the travel ...
ROWBOAT SOFTWARE,https://itviec.com/companies/rowboat-software/review,4.7,Ho Chi Minh,"28 Le Trung Nghia, Ho Chi Minh",1,9,Management cares about me,Coming together is a beginning. Keeping together is progress. Working to...
GemCommerce,https://itviec.com/companies/gemcommerce/review,3.9,Ha Noi,"5th floor, Artemis Tower No. 3 Le Trong Tan, Khuong Mai, Ha Noi",1,8,Management cares about me,EMPOWERING ECOMMERCE EXPERIENCE
Ambition Vietnam,https://itviec.com/companies/ambition-vietnam/review,4.4,Ho Chi Minh,"7th floor, Loyal building, 151 Đường Võ Thị Sáu , Xuan Hoa, Ho Chi Minh",1,7,Management cares about me,"AMBITION VIETNAM CO., LTD. (https://am-bition.vn)"
Euroland Asia,https://itviec.com/companies/euroland-asia/review,4.4,Ha Noi,"1 Thai Ha, Dong Da, Ha Noi",1,7,Culture & fun,"Euroland IR Vietnam - Công ty phần mềm tài chính, quan hệ nhà đầu tư hàn..."
Homebase Vietnam,https://itviec.com/companies/homebase-vietnam/review,4.3,Ho Chi Minh,"Circo Co-working Space, H3 Building, 384 Hoang Dieu, Khanh Hoi, Ho Chi Minh",1,7,Culture & fun,HOMEBASE HOMES
Mcredit - Công ty Tài chính TNHH MB Shinsei,https://itviec.com/companies/mcredit-cong-ty-tai-chinh-tnhh-mb-shinsei/review,4.0,Ha Noi,"Tầng 9,10,11,12 Tòa nhà MB Bank, số 21 Cát Linh - Phường Cát Linh, Ha Noi",1,7,Office & workspace,Overview about Mcredit - Công ty Tài chính TNHH MB Shinsei
SSTech,https://itviec.com/companies/sstech/review,4.4,Ho Chi Minh,"SSTECH LTD PTY, Binh Trung, Ho Chi Minh",1,7,Management cares about me,A dynamic agile outsourced software development
VNPT EPAY,https://itviec.com/companies/vnpt-epay/review,4.1,Ha Noi,"Tầng 14, Tòa Handico Phạm Hùng,, Ha Noi",1,7,Culture & fun,Công ty Cổ phần Thanh toán điện tử VNPT EPAY
eUp Group,https://itviec.com/companies/eup-group/review,4.2,Ha Noi,"Toà nhà Toyota Thanh Xuân - 315 Trường Chinh, Ha Noi",1,6,Culture & fun,eUp là đơn vị tiên phong trong xây dựng nền tảng giáo dục thông minh
MEALSUITE,https://itviec.com/companies/mealsuite/review,4.5,Ho Chi Minh,"Cobi Tower 1, 69 Hoàng Văn Thái street, Phú Mỹ Hưng, Ho Chi Minh",1,6,Training & learning,MealSuite - Delivering Smiles &amp; Satisfaction to the Continuum of Car...
Semrush,https://itviec.com/companies/semrush/review,4.8,Ho Chi Minh,"15/8 Lê Thánh Tôn, Sonatus Building, Ho Chi Minh",1,6,Management cares about me,Semrush - Join us to fire up your career!
Alpaca Vietnam,https://itviec.com/companies/alpaca-vietnam/review,4.6,Ho Chi Minh,"23/28 Nguyen Hong, Lang Ha, Ha Noi",1,5,Training & learning,IT Experts in Insurance Domain
FUJIFILM Business Innovation Việt Nam,https://itviec.com/companies/fujifilm-business-innovation-viet-nam/review,5.0,Ho Chi Minh,"20th Floor, Hallmark Building, No.15 Tran Bach Dang Street, An Khanh, Ho Chi Minh",1,5,Training & learning,FUJIFILM Business Innovation Việt Nam
Unity Sport JSC,https://itviec.com/companies/unity-sport-jsc/review,5.0,Ho Chi Minh,"5th Floor – Lumiere Building, 628A Vo Nguyen Giap street, An Khanh Ward , An Khanh, Ho Chi Minh",1,5,Office & workspace,Xây dựng nền tảng dữ liệu thời gian thực cho hàng triệu người dùng toàn cầu
Cube System Việt Nam,https://itviec.com/companies/cube-system-viet-nam/review,4.0,Ho Chi Minh,"4th Floor, ICT2 (Tech Valley) Building, Lot 46, Quang Trung Software City, Trung My Tay, Ho Chi Minh",1,4,Management cares about me,Công ty TNHH Cube System Việt Nam
"GLOBAL DESIGN IT Co., Ltd.",https://itviec.com/companies/global-design-it-co-ltd/review,5.0,Da Nang,"Tầng 17, Tòa nhà công viên phần mềm, 02 Quang Trung, Hai Chau, Da Nang",1,4,Management cares about me,"GLOBAL DESIGN IT Co., Ltd."
Neos Việt Nam,https://itviec.com/companies/neos-viet-nam/review,4.0,Ha Noi,"Tầng 7, tòa nhà Ocean Park, số 1 Đào Duy Anh, Ha Noi",1,4,Salary & benefits,Neos VN là công ty IT 100% vốn Nhật Bản chuyên sản xuất phát triển phần ...
OLLI,https://itviec.com/companies/olli/review,4.0,Ho Chi Minh,"96 Nguyễn Thị Minh Khai, Phường Võ Thị Sáu, Ho Chi Minh",1,4,Culture & fun,Công Ty Cổ Phần Công nghệ OLLI
what3words,https://itviec.com/companies/what3words/review,5.0,Others,"The Sentry, 15 Đ. Lê Thánh Tôn, Bến Nghé, Quận 1, Ho Chi Minh",1,4,Salary & benefits,what3words is helping everyone talk about everywhere!
xboss,https://itviec.com/companies/xboss/review,3.3,Ho Chi Minh,"111A Pasteur, Saigon Ward, Sai Gon, Ho Chi Minh",1,4,Training & learning,Công ty TNHH Giải pháp Công nghệ Xboss
ABBANK,https://itviec.com/companies/abbank/review,3.7,Ho Chi Minh,"2 - 2A Phan Dinh Giot, Ho Chi Minh",1,3,Management cares about me,Cung ứng các sản phẩm - dịch vụ tài chính ngân hàng trọn gói
Ada Beat Vietnam,https://itviec.com/companies/ada-beat-vietnam/review,4.7,Ho Chi Minh,"F10, Thien Nam Office Building, No. 111 - 121 Ngo Gia Tu Street, Vuon Lai Ward, Vuon Lai, Ho Chi Minh",1,3,Culture & fun,Ada Beat Vietnam
Boxgate,https://itviec.com/companies/boxgate/review,3.0,Ho Chi Minh,"40 Hoa Đào, Phường 02, Ho Chi Minh",1,3,Culture & fun,Welcome To Boxgates
HONGTHAI Technical,https://itviec.com/companies/hongthai-technical/review,4.3,Ho Chi Minh,"No 58, Huynh Man Dat Street, Thanh My Tay, Ho Chi Minh",1,3,Salary & benefits,Vietnam Enterprise Landing and Global Security Technology Experts
MAPLE LABS,https://itviec.com/companies/maple-labs/review,4.3,Ho Chi Minh,"Sarica No. 6 D9 Street, An Khanh, Ho Chi Minh",1,3,Management cares about me,_ Enjoying the never-ending pleasure of building the new apps _
NGS,https://itviec.com/companies/ngs/review,4.3,Ha Noi,"Tầng 4, tòa 6th Element Nguyễn Văn Huyên, Hà Nội, Nghia Do, Ha Noi",1,3,Management cares about me,CÔNG TY CỔ PHẦN THIẾT BỊ VÀ TRUYỀN THÔNG NGS
SGH Asia Ltd.,https://itviec.com/companies/sgh-asia-ltd/review,3.0,Ho Chi Minh,"SGH Building, 21/4 Nguyen Thi Huynh Street, Ward 8, Ho Chi Minh",1,3,Office & workspace,We Partner With Our Clients to Drive Real Innovation!
SOLIS LAB,https://itviec.com/companies/solis-lab/review,5.0,Ha Noi,"Tầng 4 - tòa nhà Hà Thành Plaza - 102 Thái Thịnh, Dong Da, Ha Noi",1,3,Salary & benefits,A company with vast experience in full-stack branding and e-commerce dev...
Tadidi JSC,https://itviec.com/companies/tadidi-jsc/review,3.7,Ho Chi Minh,"Tòa nhà Waseco số 10 Phổ Quang, Tan Son Hoa, Ho Chi Minh",1,3,Management cares about me,Tadidi JV JSC is one of the leading company in products &amp; services f...
VTC Online,https://itviec.com/companies/vtc-online/review,3.7,Ha Noi,"18 Tam Trinh, Ha Noi",1,3,Salary & benefits,Cuộc sống tươi đẹp
Opes Insurance,https://itviec.com/companies/opes-insurance,,Ha Noi,"6th Floor, No 5 Dien Bien Phu Str., Ba Dinh, Ha Noi",,,,
CODE LEAP,https://itviec.com/companies/code-leap,,Ho Chi Minh,"101 Nguyen Cuu Van, Ho Chi Minh",,,,
KALAPA,https://itviec.com/companies/kalapa,,Ha Noi,"2nd floor, 58 To Huu street, Ha Noi",,,,
Quang Trung Software Development,https://itviec.com/companies/quang-trung-software-development,,Ho Chi Minh,"62 Đường số 6, KDC CityLand Park Hills, Go Vap, Ho Chi Minh",,,,
MK Group,https://itviec.com/companies/mk-group,,Ha Noi,"Tòa nhà The Vista - Số 4, ngõ 15 Duy Tân, Ha Noi",,,,
Bolt Tech,https://itviec.com/companies/bolt-tech,,Ha Noi,"Tầng 8, Tòa nhà Hapro Building, 11B Cát Linh, Ha Noi",,,,
Công ty TNHH Lotus Animation,https://itviec.com/companies/cong-ty-tnhh-lotus-animation,,Ha Noi,"Tầng 7, tòa nhà Ladeco 266 Đội Cấn, Ngọc Hà, Ha Noi",,,,
MobiFone Solutions,https://itviec.com/companies/mobifone-solutions,,Ha Noi,".38 Phan Đình Phùng, Ba Dinh, Ha Noi",,,,
GALAXY HOLDINGS,https://itviec.com/companies/galaxy-holdings,,Ho Chi Minh,"Galaxy Innovation Hub, đường D1, Khu Công nghệ cao, Thành phố Thủ Đức, TP HCM, Ho Chi Minh",,,,
Koidra Tech,https://itviec.com/companies/koidra-tech,,Ho Chi Minh,"Tầng 3, số 8-10 Tạ Hiện, Cat Lai, Ho Chi Minh",,,,
"TPIsoftware Co., Ltd",https://itviec.com/companies/tpisoftware-co-ltd,,Ho Chi Minh,"Lầu 7, Phòng 706-707-708 Tòa nhà Hoàng Anh Safomec, số 7/1 Thành Thái, Phường Diên Hồng, Ho Chi Minh",,,,
VINCENT HOLDINGS CO LTD,https://itviec.com/companies/vincent-holdings-co-ltd,,Ho Chi Minh,"Lầu 7, Tòa nhà Toji, số 384/1C Nam Kỳ Khởi Nghĩa, Phường Xuân Hòa, Xuan Hoa, Ho Chi Minh",,,,
Công ty TNHH RENDA,https://itviec.com/companies/cong-ty-tnhh-renda,,Ho Chi Minh,"241 Điện Biên Phủ , Xuan Hoa, Ho Chi Minh",,,,
Braly JSC,https://itviec.com/companies/braly-jsc,,Ha Noi,"Tòa Garden Hill, số 99 Trần Bình, Nam Từ Liêm, Hà Nội, Ha Noi",,,,
Trung tâm CNTT Tập đoàn Bảo Việt,https://itviec.com/companies/trung-tam-cntt-tap-doan-bao-viet,,Ha Noi,"71 Ngô Sĩ Liên, Ha Noi",,,,
AROBID.COM,https://itviec.com/companies/arobid-com,,Ho Chi Minh,"2ⁿᵈ Floor, SECC, 799 Nguyen Van Linh Street, Tan My Ward, Ho Chi Minh",,,,
Blogic Systems,https://itviec.com/companies/blogic-systems,,Ho Chi Minh,"River Park, phường Phú Hữu, Phước Long B, Ho Chi Minh",,,,
Công ty TNHH Thương mại và Giao nhận vận tải quốc tế Trang Huy,https://itviec.com/companies/cong-ty-tnhh-thuong-mai-va-giao-nhan-van-tai-quoc-te-trang-huy,,Ha Noi,"Số 129 Phạm Văn Đồng, Xuan Dinh, Ha Noi",,,,
Vietnamobile,https://itviec.com/companies/vietnamobile,,Ha Noi,"583 Lạc Long Quân, Tay Ho, Ha Noi",,,,
"Porters Asia Vietnam Co., Ltd.",https://itviec.com/companies/porters-asia-vietnam-co-ltd,,Ho Chi Minh,"5th Floor, DALI Tower, 24C Phan Dang Luu, Gia Dinh, Ho Chi Minh",,,,
VB Digital,https://itviec.com/companies/vb-digital,,Australia,Australia,,,,
Công ty TNHH thương mại và XNK Winki Group,https://itviec.com/companies/cong-ty-tnhh-thuong-mai-va-xnk-winki-group,,Ha Noi,"Tầng 2, Số 56 Sunrise G, The Manor Central Park, Nguyễn Xiển, Đại Kim, Hoàng Mai, Hà Nội, Ha Noi",,,,
Cigro Inc.,https://itviec.com/companies/cigro-inc,,Ho Chi Minh,"The Galleria Metro 6 Building, An Khanh, Ho Chi Minh",,,,
FikTech,https://itviec.com/companies/fiktech,,Ho Chi Minh,"Phòng 301, Tầng 3, Số 43A-43B, Đường Xuân Thủy, Phường An Khánh, TP Hồ Chí Minh, Ho Chi Minh",,,,
CÔNG TY CỔ PHẦN PHẦN MỀM DI GI WIN VIỆT NAM,https://itviec.com/companies/cong-ty-co-phan-phan-mem-di-gi-win-viet-nam,,Ho Chi Minh,"Tầng 12A, tòa nhà Golden King, số 15, đường Nguyễn Lương Bằng, Tan Phu, Ho Chi Minh",,,,
CÔNG TY TNHH TEENUP,https://itviec.com/companies/cong-ty-tnhh-teenup,,Ha Noi,"Hà Nội: 61E Đê La Thành, phường Láng, Ha Noi",,,,
"DIGITAL TECHNOLOGY SOLUTIONS., JSC",https://itviec.com/companies/digital-technology-solutions-jsc,,Ha Noi,"Tầng 3-AB-Imperia Garden, 203 Nguyễn Huy Tưởng, Thanh Xuân, Hà Nội, Thanh Xuan, Ha Noi",,,,
Leansoft,https://itviec.com/companies/leansoft,,Ha Noi,"Tòa nhà Thanh Xuân Complex số 6 Lê Văn Thiêm, Ha Noi",,,,
FINPROS,https://itviec.com/companies/finpros,,Ho Chi Minh,"9th floor, International Plaza Building, 343 Pham Ngu Lao Street, Ben Thanh, Ho Chi Minh",,,,
Future Game Studio,https://itviec.com/companies/future-game-studio,,Ho Chi Minh,"Do Thanh Building, 32 Yersin Street, Ben Thanh Ward, HCM, Ho Chi Minh",,,,
SHS | Chứng khoán Sài Gòn - Hà Nội,https://itviec.com/companies/shs-chung-khoan-sai-gon-ha-noi,,Ha Noi,"Số 43 Phố Lý Thường Kiệt, Cua Nam, Ha Noi",,,,
META TECHNOLOGY LAB.INC,https://itviec.com/companies/meta-technology-lab-inc,,Da Nang,"5th Floor, 35 A-B-C Nui Thanh Street, Hoa Cuong Ward, Da Nang City, Vietnam, Da Nang",,,,
CÔNG TY CỔ PHẦN ĐẦU TƯ AHV HOLDING,https://itviec.com/companies/cong-ty-co-phan-dau-tu-ahv-holding,,Ha Noi,"62 Nguyễn Huy Tưởng , Thanh Xuân , Ha Noi",,,,
Công ty TNHH Thực Phẩm NFC,https://itviec.com/companies/cong-ty-tnhh-thuc-pham-nfc,,Ho Chi Minh,"Tầng 5, Tòa nhà SCIC Trương Định, phường Xuân Hòa, Ho Chi Minh",,,,
Delements,https://itviec.com/companies/delements,,Ho Chi Minh,"14/12C2 Ky Dong, Ward 9, Ho Chi Minh",,,,
PVcomBank,https://itviec.com/companies/pvcombank,,Ha Noi,"22 Ngô Quyền, Cua Nam, Ha Noi",,,,
Công Ty Cổ Phần Tập Đoàn Gỗ Minh Long,https://itviec.com/companies/cong-ty-co-phan-tap-doan-go-minh-long,,Ha Noi,"Tầng 20, Toà Nhà 319 BQP, 63 Lê Văn Lương, Ha Noi",,,,
"Abilive Vietnam Co., Ltd.",https://itviec.com/companies/abilive-vietnam-co-ltd,,Ha Noi,"Tầng 8, số 4, phố Liễu Giai, Phường Ngọc Hà, Thành phố Hà Nội, Việt Nam, Ha Noi",,,,
NSC Software,https://itviec.com/companies/nsc-software,,Ha Noi,"Hà Nội, Ha Noi",,,,
"Southern Technology Development Company, Ltd",https://itviec.com/companies/southern-technology-development-company-ltd,,Ho Chi Minh,"15 - 17 Đường 1D, KDC Trung Sơn, Binh Hung, Ho Chi Minh",,,,
Teqnological Asia,https://itviec.com/companies/teqnological-asia,,Ho Chi Minh,"301, Block B, Waseco Plaza, 10 Pho Quang, Ho Chi Minh",,,,
Aladin Technology,https://itviec.com/companies/aladin-technology,,Ha Noi,"Tầng 4, Tòa nhà Văn Phòng HH1 Meco Complex, ngõ 102 Trường Chinh, Phương Mai, Đống Đa, Ha Noi",,,,
CÔNG TY TNHH STONEPINE,https://itviec.com/companies/cong-ty-tnhh-stonepine,,Ho Chi Minh,"Tòa nhà The Sun Avenue, 28 Mai Chí Thọ, phường Bình Trưng, Ho Chi Minh",,,,
HOTX Holding Group,https://itviec.com/companies/hotx-holding-group,,Ha Noi,"Số 5 ngõ 82 Duy Tân, Cầu Giấy, Ha Noi",,,,
CÔNG TY CỔ PHẦN TƯ VẤN ĐẦU TƯ VÀ XÂY DỰNG GIAO THÔNG VẬN TẢI,https://itviec.com/companies/cong-ty-co-phan-tu-van-dau-tu-va-xay-dung-giao-thong-van-tai,,Ha Noi,"Số 26, Ngõ 371 Phố Kim Mã, Phường Giảng Võ, Hà Nội, Ha Noi",,,,
Vietpay Corporation,https://itviec.com/companies/vietpay-corporation,,Ho Chi Minh,"Thảo Điền, Ho Chi Minh",,,,
CÔNG TY TNHH DỊCH VỤ TIẾP VẬN TOÀN CẦU,https://itviec.com/companies/cong-ty-tnhh-dich-vu-tiep-van-toan-cau,,Ho Chi Minh,"S26-28 Đường số 1 KDC Him Lam, P. Tân Hưng, Q.7, TP HCM, Ho Chi Minh",,,,
Deutschfuns.com - Vui học tiếng Đức cùng AI,https://itviec.com/companies/deutschfuns-com-vui-hoc-tieng-duc-cung-ai,,Ho Chi Minh,"07 Phan Đình Phùng, Phú Thọ Hoà, HCM, Ho Chi Minh",,,,
IONAH,https://itviec.com/companies/ionah,,Ha Noi,"Tòa HUD 37 Lê Văn Lương, Ha Noi",,,,
Beyondsoft Technology (Vietnam) Company Limited,https://itviec.com/companies/beyondsoft-technology-vietnam-company-limited,,Ho Chi Minh,"32 Pham Ngoc Thach, Xuan Hoa, Ho Chi Minh",,,,
VERP Technology Solutions JSC,https://itviec.com/companies/verp-technology-solutions-jsc,,Ha Noi,"P728 - KS Thể Thao - Lê Văn Thiêm - Thanh Xuân - Hà Nội, Ha Noi",,,,
"SPECOM INC Co., Ltd",https://itviec.com/companies/specom-inc-co-ltd,,Ho Chi Minh,"67 Đinh Bộ Lĩnh, Ho Chi Minh",,,,
Pacific Cross Vietnam,https://itviec.com/companies/pacific-cross-vietnam,,Ho Chi Minh,"6th Floor, VNPT Building, 1487 Nguyen Van Linh, Tan Hung Ward, Tan Hung, Ho Chi Minh",,,,
HM Games,https://itviec.com/companies/hm-games,,Ha Noi,"Hoàng Đạo Thúy - Trung Hòa - Cầu Giấy, Ha Noi",,,,
FOUR HANDS,https://itviec.com/companies/four-hands,,Ho Chi Minh,"17 Nguyen Duy Hieu, Ho Chi Minh",,,,
Pacific Technology,https://itviec.com/companies/pacific-technology,,Ho Chi Minh,"6 Thăng Long, Ho Chi Minh",,,,
Công ty TNHH Phần Mềm KKSoft,https://itviec.com/companies/cong-ty-tnhh-phan-mem-kksoft,,Ho Chi Minh,"261 Hoàng Văn Thụ, P. Tân Sơn Hòa, Ho Chi Minh",,,,
52 Entertainment,https://itviec.com/companies/52-entertainment,,Ho Chi Minh,"Tầng 7, 23 Trần Cao Vân, Phường Đa Kao, Ho Chi Minh",,,,
CÔNG TY CỔ PHẦN TEECOM,https://itviec.com/companies/cong-ty-co-phan-teecom,,Ho Chi Minh,"60 Nguyễn Thông, Phường Nhiêu Lộc, Ho Chi Minh",,,,
SRT GROUP,https://itviec.com/companies/srt-group,,Ho Chi Minh,"SRT Miền Nam Tầng 6, 173 Trần Não, Phường An Khánh (TP. Thủ Đức cũ), Ho Chi Minh",,,,
Công ty Cổ phần Kinh doanh Bất động sản Mayhomes,https://itviec.com/companies/cong-ty-co-phan-kinh-doanh-bat-dong-san-mayhomes,,Ha Noi,"90 Nguyễn Tuân, Ha Noi",,,,
Inceptionlabs,https://itviec.com/companies/inceptionlabs,,Ho Chi Minh,"Block A, Floor 3, Copac Square Building, 12 Ton Dan Street, Xom Chieu, Ho Chi Minh",,,,
Motorola Solutions,https://itviec.com/companies/motorola-solutions,,Ho Chi Minh,"L07.01, Tầng 07, Tháp A, Khu thương mại dịch vụ kết hợp nhà ở cao tầng tại lô đất 1-13, thuộc khu chức năng số 1 – Số 15, đường Trần Bạch Đằng, Phường Thủ Thiêm, Ho Chi Minh",,,,
CÔNG TY CỔ PHẦN CHỨNG KHOÁN KAFI,https://itviec.com/companies/cong-ty-co-phan-chung-khoan-kafi,,Ho Chi Minh,"Sailing Tower, 111A Pasteur, Ward Sai Gon, Ho Chi Minh",,,,
Pyranexus,https://itviec.com/companies/pyranexus,,Da Nang,"Tầng 4, 41 Nguyễn Phước Lan, Hòa Xuân, Da Nang",,,,
Tin học Đại dương,https://itviec.com/companies/tin-hoc-dai-duong,,Ho Chi Minh,"76 Đường 13, Vạn Phúc, Hiep Binh, Ho Chi Minh",,,,
CommandOSS,https://itviec.com/companies/commandoss,,Ho Chi Minh,"54 - 56 Lê Quốc Hưng, Phường 13, Ho Chi Minh",,,,
Ewoosoft Vietnam,https://itviec.com/companies/ewoosoft-vietnam,,Ha Noi,"19 Duy Tan, Cau Giay, Ha Noi",,,,
Agriseco,https://itviec.com/companies/agriseco,,Da Nang,"228 Đường 2/9, Da Nang",,,,
DataXight,https://itviec.com/companies/dataxight,,Ho Chi Minh,"167 Tran Nao, An Khanh, Ho Chi Minh",,,,
THS GAME,https://itviec.com/companies/ths-game,,Ho Chi Minh,"Tầng Lửng, Tòa nhà Saigon View, 117 Nguyễn Cửu Vân, Phường Gia Định, Ho Chi Minh",,,,
Wilmar CLV (Cambodia Laos Vietnam),https://itviec.com/companies/wilmar-clv-cambodia-laos-vietnam,,Ho Chi Minh,"235 Nguyễn Văn Cừ, Ho Chi Minh",,,,
PAPAYA INSURTECH,https://itviec.com/companies/papaya-insurtech,,Ho Chi Minh,"Sun Village, 2nd Floor, 31-33 Nguyen Van Dau, Binh Loi Trung Ward, Ho Chi Minh",,,,
LifeteX,https://itviec.com/companies/lifetex,,Ha Noi,"Tầng 19 tòa nhà HH2 Bắc Hà, 15 Tố Hữu, Ha Noi",,,,
Sun Group,https://itviec.com/companies/sun-group,,Ha Noi,"Sun Ancora, 03 Lương Yên, Hai Ba Trung, Ha Noi",,,,
Softel Solutions,https://itviec.com/companies/softel-solutions,,Ha Noi,"Tầng 7, Tòa nhà Geleximco, 36 phố Hoàng Cầu, Ô Chợ Dừa, Ha Noi",,,,
ICEBEAR,https://itviec.com/companies/icebear,,Ha Noi,"Floor 8, A3 Tower, Ecolife Capital, No.58 To Huu, Me Tri Ward, Ha Noi",,,,
CÔNG TY TNHH SOCOTEC VIỆT NAM,https://itviec.com/companies/cong-ty-tnhh-socotec-viet-nam,,Ha Noi,"Số 17 ngõ 575 Kim Mã, Giang Vo, Ha Noi",,,,
AMB Software Services Limited,https://itviec.com/companies/amb-software-services-limited,,Ho Chi Minh,"Location 1: Tầng 14, Tòa Nhà HM Town, 412 Nguyễn Thị Minh Khai, Phường Bàn Cờ, TP Hồ Chí Minh, Việt Nam, Ban Co, Ho Chi Minh",,,,
Trustify Technology,https://itviec.com/companies/trustify-technology,,Ho Chi Minh,"307/20-21 Nguyen Van Troi, Tan Son Hoa Ward, Ho Chi Minh",,,,
DOSOFTPRO,https://itviec.com/companies/dosoftpro,,Ho Chi Minh,"Toong Oxygen, 628C Vo Nguyen Giap, An Phu Ward, An Phu, Ho Chi Minh",,,,
GeNEE-V,https://itviec.com/companies/genee-v,,Ha Noi,"., Ba Dinh, Ha Noi",,,,
LOTTE FINANCE VIETNAM,https://itviec.com/companies/lotte-finance-vietnam,,Ha Noi,"Tầng 12A, Tháp Tây, tòa nhà LOTTE Center Hà Nội, 54 Liễu Giai, Ha Noi",,,,
ITviec Recruitment Consulting,https://itviec.com/companies/itviec-recruitment-consulting,,Ha Noi,"City, Ha Noi",,,,
Laidon Group,https://itviec.com/companies/laidon-group,,Ho Chi Minh,"324 Le Van Sy, Ward 2, Ho Chi Minh",,,,
S4BT Solutions for Business Travel.,https://itviec.com/companies/s4bt-solutions-for-business-travel,,Ho Chi Minh,"Five Star Tower, 28bis Mạc Đĩnh Chi, Sai Gon, Ho Chi Minh",,,,
Infina.vn,https://itviec.com/companies/infina-vn,,Ho Chi Minh,"Infina Office, 2 Floor, No 30 Nguyen Thi Dieu street, Xuan Hoa Ward, Ho Chi Minh",,,,
CÔNG TY TNHH MENAS,https://itviec.com/companies/cong-ty-tnhh-menas,,Ho Chi Minh,"Tòa Abacus, 58 Nguyễn Đình Chiểu, Ho Chi Minh",,,,
Aletech Technology Solutions Company,https://itviec.com/companies/aletech-technology-solutions-company,,Ho Chi Minh,"Lầu 4, Tòa Nhà Labonita, Số 215 Nguyễn Gia Trí, Phường Thạnh Mỹ Tây., Ho Chi Minh",,,,
Công ty Cổ phần Chứng khoán KIS Việt Nam,https://itviec.com/companies/cong-ty-co-phan-chung-khoan-kis-viet-nam,,Ho Chi Minh,"Tầng 3 và tầng 11, Tòa nhà TNR, số 180-192 Nguyễn Công Trứ, Phường Nguyễn Thái Bình, Ho Chi Minh",,,,
Công Ty Cổ Phần Công Nghệ Thông Minh SFIN,https://itviec.com/companies/cong-ty-co-phan-cong-nghe-thong-minh-sfin,,Ha Noi,"Tầng 19, Toà nhà VTC Online, 18 Tam Trinh, Hoàng Mai, Ha Noi",,,,
Trung tâm công nghệ thông tin MobiFone,https://itviec.com/companies/trung-tam-cong-nghe-thong-tin-mobifone,,Ha Noi,"Tầng 9-10, tòa nhà Thái Nam, đường Dương Đình Nghệ, phường Yên Hòa, Ha Noi",,,,
Motorist Pte Ltd,https://itviec.com/companies/motorist-pte-ltd,,12 Tai Seng Link #06-02 Singapore 534233,12 Tai Seng Link #06-02 Singapore 534233,,,,
AgileOps,https://itviec.com/companies/agileops,,Ho Chi Minh,"Unit 03-04, 9th Floor, Flemington Tower,182 Le Dai Hanh St, Phu Tho Ward, HCM City, Phu Tho, Ho Chi Minh",,,,
Nexsoft Technology,https://itviec.com/companies/nexsoft-technology,,Ho Chi Minh,"Tòa Nhà Flemington, 182 Lê Đại Hành, Phường Phú Thọ, Phu Tho, Ho Chi Minh",,,,
NURI FLEX VIETNAM COMPANY,https://itviec.com/companies/nuri-flex-vietnam-company,,Ho Chi Minh,"08 đường D6, Khu phố 24, An Khanh, Ho Chi Minh",,,,
GSM - Xanh SM,https://itviec.com/companies/gsm-xanh-sm,,Ha Noi,"Symphony Office Building, Vinhomes Riveside, Ha Noi",,,,
T2 SOFT COMPANY LIMITED,https://itviec.com/companies/t2-soft-company-limited,,Ha Noi,"Landmark72 Tower, Pham Hung, New Urban Area, Ha Noi",,,,
Goline Corporation,https://itviec.com/companies/goline-corporation,,Ha Noi,"Tầng 8, tòa nhà Kim Ánh, 78 Duy Tân, Ha Noi",,,,
NEMO Digital Technology,https://itviec.com/companies/nemo-digital-technology,,Ha Noi,"tòa Cmat số 9, ngõ 4 Duy Tân, Ha Noi",,,,
VUIAPP by Nano Technologies,https://itviec.com/companies/vuiapp-by-nano-technologies,,Ho Chi Minh,"Floor 5, K&M Building, 33 Ung Van Khiem, Thanh My Tay, HCMC, Thanh My Tay, Ho Chi Minh",,,,
Amigo,https://itviec.com/companies/amigo,,Ho Chi Minh,"2nd floor, Eximland building, 179 EF Cach Mang Thang 8, Ward 5, Ho Chi Minh",,,,
Inbox4us,https://itviec.com/companies/inbox4us,,Ho Chi Minh,"63 Phạm Ngọc Thạch, Phường 6, Quận 3, Hồ Chí Minh, Việt Nam, Ho Chi Minh",,,,
CÔNG TY TNHH NANYANG BIOLOGICS VIỆT NAM,https://itviec.com/companies/cong-ty-tnhh-nanyang-biologics-viet-nam,,Ha Noi,"45-47 Trần Xuân Soạn, Ha Noi",,,,
Bavitech Corporation,https://itviec.com/companies/bavitech-corporation,,Ho Chi Minh,"23 Pham Thai Buong Street, Tan Hung, Ho Chi Minh",,,,
Công ty TNHH Salary (Việt Nam),https://itviec.com/companies/cong-ty-tnhh-salary-viet-nam,,Ho Chi Minh,"Toa nha Saigon Paragon, 3 Nguyen Luong Bang, Tan My, Ho Chi Minh",,,,
Công Ty TNHH Đầu Tư Thương Mại Và Sản Xuất Chính Phát,https://itviec.com/companies/cong-ty-tnhh-dau-tu-thuong-mai-va-san-xuat-chinh-phat,,Ha Noi,"Số 42 Hàm Nghi, Cầu Diễn, Nam Từ Liêm, Tu Liem, Ha Noi",,,,
CÔNG TY CỔ PHẦN SUNTEK,https://itviec.com/companies/cong-ty-co-phan-suntek,,Ho Chi Minh,"No.16 Street 5, An Khanh Ward, HCMC, Ho Chi Minh",,,,
Hệ thống Giáo dục Lý Thái Tổ,https://itviec.com/companies/he-thong-giao-duc-ly-thai-to,,Ha Noi,"Nhà N4-Khuôn viên Trường Mầm non Lý Thái Tổ, số 2 Nguyễn Thị Thập, phường Yên Hoà, Ha Noi",,,,
Anchanto Services Pvt Ltd,https://itviec.com/companies/anchanto-services-pvt-ltd,,Ho Chi Minh,"Level 23, E Town Central, 11 Doan Van Bo, District 4, Ho Chi Minh, Vietnam, Sai Gon, Ho Chi Minh",,,,
FLYER,https://itviec.com/companies/flyer,,Ha Noi,"Viet A Tower, No.9, Duy Tan Street, Ha Noi",,,,
ST Engineering,https://itviec.com/companies/st-engineering,,Ho Chi Minh,"257 Dien Bien Phu , Xuan Hoa, Ho Chi Minh",,,,
Công ty Cổ phần 19,https://itviec.com/companies/cong-ty-co-phan-19,,Ha Noi,"tòa Imperia Garden, 143 Nguyễn Tuân, Ha Noi",,,,
PowerGate Software,https://itviec.com/companies/powergate-software,,Ha Noi,"Tầng 6A, Tháp C, tòa nhà Center Point, số 219 Trung Kính, Yên Hòa, Ha Noi",,,,
RONTECH,https://itviec.com/companies/rontech,,Ho Chi Minh,"Tầng 1, Tòa nhà HSC Building, Số 162B Điện Biên Phủ, Phường Xuân Hòa, Xuan Hoa, Ho Chi Minh",,,,
Công Ty Cổ Phần Jemmia,https://itviec.com/companies/cong-ty-co-phan-jemmia,,Ho Chi Minh,"48Bis Trần Đình Xu, cô giang, Ho Chi Minh",,,,
KOSATEC EMPOWERING GLOBAL INNOVATION,https://itviec.com/companies/kosatec-empowering-global-innovation,,Ho Chi Minh,"12th Floor, 68 Phan Dang Luu, Duc Nhuan Ward, Ho Chi Minh City, Ho Chi Minh",,,,
MB Life,https://itviec.com/companies/mb-life,,Ha Noi,"Tầng 15, tòa nhà MB – 21 Cát Linh, phường Cát Linh, Ha Noi",,,,
Nakivo,https://itviec.com/companies/nakivo,,Ho Chi Minh,"TGI Building, 208 Nguyen Trai, Ho Chi Minh",,,,
Virtual Security Lab Cyber Risk Management Services L.L.C,https://itviec.com/companies/virtual-security-lab-cyber-risk-management-services-l-l-c,,Dubai,"Office 3503, Level 35, Marina Plaza, Al Marsa St - Dubai Marina, Dubai",,,,
"ARSEN Kawaijuku Tech Vietnam Co.,Ltd",https://itviec.com/companies/arsen-kawaijuku-tech-vietnam-co-ltd,,Ho Chi Minh,"Tầng 9, Tòa nhà TNR, 180-192 Nguyễn Công Trứ, Phường Nguyễn Thái Bình, Ho Chi Minh",,,,
AWING,https://itviec.com/companies/awing,,Ha Noi,"Tầng 11, Tòa nhà King Building, Số 7 Chùa Bộc, Ha Noi",,,,
Công Ty TNHH Realtek Việt Nam,https://itviec.com/companies/cong-ty-tnhh-realtek-viet-nam,,Ho Chi Minh,"Lầu 17, Tòa nhà Etown 5, 364 Cộng Hòa, P. Tân Bình, Ho Chi Minh",,,,
Công ty Cổ phần Thanh toán số MobiFone,https://itviec.com/companies/cong-ty-co-phan-thanh-toan-so-mobifone,,Ha Noi,"Tầng 30 - Tòa tháp C5 D’Capital, 119 Trần Duy Hưng, Phường Yên Hoà, Thành phố Hà Nội, Việt Nam, Yen Hoa, Ha Noi",,,,
HDS Services Vietnam,https://itviec.com/companies/hds-services-vietnam,,Ho Chi Minh,"Toà nhà L'Mak, Số 68 Đường Phan Đăng Lưu, Duc Nhuan, Ho Chi Minh",,,,
IT-Development Vietnam,https://itviec.com/companies/it-development-vietnam,,Ho Chi Minh,"9F, 111 Lý Chính Thắng , P. Xuân Hòa, Ho Chi Minh",,,,
VNJ,https://itviec.com/companies/vnj,,Ho Chi Minh,"Room 102, SBI Building, Quang Trung Software City, Ho Chi Minh",,,,
Kamereo,https://itviec.com/companies/kamereo,,Ho Chi Minh,"The Manor 2, 91 Nguyen Huu Canh, Thanh My Tay, Ho Chi Minh",,,,
RealEstateDoc,https://itviec.com/companies/realestatedoc,,Ho Chi Minh,"5A Tran Phu, Ho Chi Minh",,,,
AIRR Labs,https://itviec.com/companies/airr-labs,,Ho Chi Minh,"Floor 4, SFC Building, 9 Dinh Tien Hoang, Saigon Ward, Ho Chi Minh",,,,
SkyLab,https://itviec.com/companies/skylab,,Ho Chi Minh,"Tầng 11, Toà Nhà Robot, 308 - 308C, Điện Biên Phủ, Xuan Hoa, Ho Chi Minh",,,,
ISOFH,https://itviec.com/companies/isofh,,Ha Noi,"Tòa VOV, 35 Nguyễn Đình Chiểu, Hai Ba Trung, Ha Noi",,,,
Magnolia,https://itviec.com/companies/magnolia,,Ho Chi Minh,"Etown 1 Building, Unit 9.2, 364 Cong Hoa Street, Ward 13, Tan Binh District, Ho Chi Minh",,,,
AdvaHealth Solutions,https://itviec.com/companies/advahealth-solutions,,Ho Chi Minh,"167 – 169 Điện Biên Phủ, Phường Đa Kao, Ho Chi Minh",,,,
CÔNG TY CỔ PHẦN DỊCH VỤ & GIẢI PHÁP CÔNG NGHỆ GOTRUST,https://itviec.com/companies/cong-ty-co-phan-dich-vu-giai-phap-cong-nghe-gotrust,,Ho Chi Minh,"5B Phổ Quang, Phường Tân Sơn Hòa, Ho Chi Minh",,,,
WeCloud JSC,https://itviec.com/companies/wecloud-jsc,,Ho Chi Minh,"Paxsky Đề Thám - 159C Đề Thám, phường Cầu Ông Lãnh, Ho Chi Minh",,,,
LEAP,https://itviec.com/companies/leap,,Ho Chi Minh,"L17-11 Floor 17, Vincom Center, 72 Le Thanh Ton, Sai Gon, Ho Chi Minh",,,,
Công ty Cổ phần Giáo dục Khoa học Công nghệ ICHI SKILL,https://itviec.com/companies/cong-ty-co-phan-giao-duc-khoa-hoc-cong-nghe-ichi-skill,,Ho Chi Minh,"231/1 Nguyễn Phúc Chu, Phường Tân Sơn, Ho Chi Minh",,,,
SSI Securities Corporation,https://itviec.com/companies/ssi-securities-corporation,,Ho Chi Minh,"72 Nguyễn Huệ, Ho Chi Minh",,,,
Công ty TNHH Inception Technologies Global,https://itviec.com/companies/cong-ty-tnhh-inception-technologies-global,,Ha Noi,"Tầng 17, Tòa Intracom 2 Văn Phòng, Số 33 đường Cầu Diễn,Phường Xuân Phương, Ha Noi",,,,
The One Digi Corp,https://itviec.com/companies/the-one-digi-corp,,Ho Chi Minh,"40 Thien Phuoc, Ward 9, Ho Chi Minh",,,,
Coder Trove,https://itviec.com/companies/coder-trove,,Ho Chi Minh,"30 Nguyễn Thị Diệu , Xuan Hoa, Ho Chi Minh",,,,
EXCELFORE JAPAN,https://itviec.com/companies/excelfore-japan,,Ho Chi Minh,"The Sun Avenue, 28 Mai Chí Thọ, Binh Trung, Ho Chi Minh",,,,
CÔNG TY CỔ PHẦN CITICS,https://itviec.com/companies/cong-ty-co-phan-citics,,Ho Chi Minh,"VE-S01, Venice 3, New City, 17 Mai Chi Tho Street, An Khanh, Ho Chi Minh",,,,
CÔNG TY CỔ PHẦN PHẦN MỀM PHÂN PHỐI VÀ BÁN LẺ BEEC,https://itviec.com/companies/cong-ty-co-phan-phan-mem-phan-phoi-va-ban-le-beec,,Ha Noi,"Tầng 7, tòa nhà Zen Tower, số 12 đường Khuất Duy Tiến, Thanh Xuan, Ha Noi",,,,
Otanics Technology,https://itviec.com/companies/otanics-technology,,Ho Chi Minh,"21 Lê Quý Đôn, Xuan Hoa, Ho Chi Minh",,,,
"SalesNow Co., Ltd.",https://itviec.com/companies/salesnow-co-ltd,,Japan,"Shibuya, Tokyo, Japan",,,,
Reliccell,https://itviec.com/companies/reliccell,,Ho Chi Minh,"151A Nguyễn Đình Chiểu, Xuan Hoa, Ho Chi Minh",,,,
VINX VIETNAM,https://itviec.com/companies/vinx-vietnam,,Ho Chi Minh,"WASECO building,10 Pho Quang Street, Ho Chi Minh",,,,
OrgScale Recruitment,https://itviec.com/companies/orgscale-recruitment,,Ha Noi,"Ha Noi, Ha Noi",,,,
Công ty Cổ phần Tập đoàn Việt Ba,https://itviec.com/companies/cong-ty-co-phan-tap-doan-viet-ba,,Ha Noi,"273 Kim Mã – Hà Nội, Ha Noi",,,,
CÔNG TY CỔ PHẦN CÔNG NGHỆ UPP TOÀN CẦU,https://itviec.com/companies/cong-ty-co-phan-cong-nghe-upp-toan-cau,,Ha Noi,"4th Floor Web3 Tower, 15 Alley 4 Duy Tan Street, Cau Giay, Ha Noi",,,,
Otto International,https://itviec.com/companies/otto-international,,Ho Chi Minh,"7th Floor, Dinh Le Building, 1 Dinh Le Street, Ward 13, District 4, Xom Chieu, Ho Chi Minh",,,,
"AZ-ROBOTICS Co.,Ltd",https://itviec.com/companies/az-robotics-co-ltd,,Da Nang,"458 Nguyễn Hữu Thọ, Cam Le, Da Nang",,,,
TEL4VN,https://itviec.com/companies/tel4vn,,Ho Chi Minh,"82/2/9 Đinh Bộ Lĩnh, Binh Thanh, Ho Chi Minh",,,,
SUCAFINA,https://itviec.com/companies/sucafina,,Ho Chi Minh,"83 Ngo Thoi Nhiem St., Vo Thi Sau Ward, District 3, Ho Chi Minh",,,,
Vietnix,https://itviec.com/companies/vietnix,,Ho Chi Minh,"265 Hồng Lạc, Bay Hien, Ho Chi Minh",,,,
AI+DI,https://itviec.com/companies/ai-di,,Ho Chi Minh,"46 Bach Dang Street, Ward 2, Ho Chi Minh",,,,
Tinai,https://itviec.com/companies/tinai,,Ho Chi Minh,"., Ho Chi Minh",,,,
RightShip,https://itviec.com/companies/rightship,,Ha Noi,"9th Floor, 174 Thai Ha Street, Trung Liet Ward, Ha Noi",,,,
KDS Vietnam,https://itviec.com/companies/kds-vietnam,,Ho Chi Minh,"81 Điện Biên Phủ, Phường Tân Định, Ho Chi Minh",,,,
Edge8,https://itviec.com/companies/edge8,,Ho Chi Minh,"Thu Duc, An Phu, Ho Chi Minh",,,,
VSI,https://itviec.com/companies/vsi,,Ha Noi,"Tầng 6, AC Building, số 3 ngõ 78 Phố Duy Tân, Dịch Vọng Hậu, Ha Noi",,,,
TAG Worldwide,https://itviec.com/companies/tag-worldwide,,Ho Chi Minh,"IM Tower 3 - 21st Floor, 29A Nguyen Dinh Chieu, Sai Gon Ward, Ho Chi Minh",,,,
SoftRoad Việt Nam,https://itviec.com/companies/softroad-viet-nam,,Ha Noi,"14th floor, Richy Tower, No 35 Mac Thai To, Yen Hoa ward, Cau Giay district, Ha Noi., Cau Giay, Ha Noi",,,,
Altaa Vistaa,https://itviec.com/companies/altaa-vistaa,,Ha Noi,"Ha Noi, Ha Noi",,,,
Merchant Mate,https://itviec.com/companies/merchant-mate,,NSW Australia,NSW Australia,,,,
Birdeye.so,https://itviec.com/companies/birdeye-so,,Ha Noi,"Toong Coworking Space, 4th Floor, N01-T4 Building, Diplomatic Corp. Township, Ha Noi",,,,
VCS Viet Nam,https://itviec.com/companies/vcs-viet-nam,,Ha Noi,"Tầng 2, nhà B, số 101 Láng Hạ, Ha Noi",,,,
ANTADA,https://itviec.com/companies/antada,,Ho Chi Minh,"01 Nguyễn Văn Nguyễn, Phường Tân Định, Ho Chi Minh",,,,
Công Ty TNHH Behn Meyer Việt Nam,https://itviec.com/companies/cong-ty-tnhh-behn-meyer-viet-nam,,Ho Chi Minh,"36 Đường số 6, KCN Việt Nam - Singapore, Phường An Phú, Ho Chi Minh",,,,
CÔNG TY CỔ PHẦN THANH TOÁN TRỰC TUYẾN TOÀN CẦU,https://itviec.com/companies/cong-ty-co-phan-thanh-toan-truc-tuyen-toan-cau,,Ho Chi Minh,"76-82 Trần Hưng Đạo, phường Bến Thành, Ben Thanh, Ho Chi Minh",,,,
Sqreem Technologies (VN) Pte. Ltd.,https://itviec.com/companies/sqreem-technologies-vn-pte-ltd,,Ho Chi Minh,"Viettel Tower - 285 Cach Mang Thang Tam Street, Hoa Hung, Ho Chi Minh",,,,
Blue Technology,https://itviec.com/companies/blue-technology,,Ha Noi,"508 Đ. Trường Chinh, Khương Thượng, Ha Noi",,,,
Cosigma.io,https://itviec.com/companies/cosigma-io,,Ho Chi Minh,"Mạc Đĩnh Chi, Sai Gon, Ho Chi Minh",,,,
BEWAO CORPORATION,https://itviec.com/companies/bewao-corporation,,Ho Chi Minh,"95-97 Nguyễn Cơ Thạch, Phường An Lợi Đông, Thành phố Thủ Đức, TP Hồ Chí Minh, Ho Chi Minh",,,,
Công Ty TNHH Clever Creations Tech,https://itviec.com/companies/cong-ty-tnhh-clever-creations-tech,,Ho Chi Minh,"459 Sư Vạn Hạnh, Phường 12, Hoa Hung, Ho Chi Minh",,,,
Công Ty Tnhh Hello Việt Nam,https://itviec.com/companies/cong-ty-tnhh-hello-viet-nam,,Ha Noi,"Tầng M, Toà nhà TTC số 19 Phố Duy Tân, Ha Noi",,,,
CÔNG TY TNHH SPACEMIND,https://itviec.com/companies/cong-ty-tnhh-spacemind,,Da Nang,"Tòa nhà The Summit Building, 350 Nguyễn Văn Linh, Phường Thanh Khê, Thành phố Đà Nẵng, Việt Nam, Thanh Khe, Da Nang",,,,
VNGGames,https://itviec.com/companies/vnggames,,Ho Chi Minh,"Z06 Street No. 13, Tan Thuan Dong Ward, Tan Thuan, Ho Chi Minh",,,,
"Net Protections Vietnam Co., Ltd.",https://itviec.com/companies/net-protections-vietnam-co-ltd,,Ho Chi Minh,"87A Ham Nghi, Nguyen Thai Binh ward, Ho Chi Minh",,,,
Romulus Digital,https://itviec.com/companies/romulus-digital,,Ha Noi,"Ha Noi City, Ha Noi",,,,
Saigon New Port,https://itviec.com/companies/saigon-new-port,,Ho Chi Minh,"1295 1295B, Nguyễn Thị Định, Phường Cát Lái, Cat Lai, Ho Chi Minh",,,,
CÔNG TY TNHH ROOSTERX GLOBAL,https://itviec.com/companies/cong-ty-tnhh-roosterx-global,,Ha Noi,"Tầng 5A, Nhà 25T2 - Lô Đất N05 - Khu Đô Thị Đông Nam, Đường Trần Duy Hưng, Phường Yên Hòa, Ha Noi",,,,
Remote Resources VN (RRVN),https://itviec.com/companies/remote-resources-vn-rrvn,,Ho Chi Minh,"39 Le Duan, Ho Chi Minh",,,,
Everfit,https://itviec.com/companies/everfit,,Da Nang,"12A, Vietinbank building, 36 Tran Quoc Toan, Da Nang, Hai Chau, Da Nang",,,,
AI&T,https://itviec.com/companies/ai-t-2,,Ha Noi,"6th floor, M5 building, 91 Nguyen Chi Thanh street, Giang Vo, Ha Noi",,,,
CÔNG TY TNHH AMPACS INTERNATIONAL,https://itviec.com/companies/cong-ty-tnhh-ampacs-international,,Ho Chi Minh,"6th Floor, No. 473 Dien Bien Phu Street, Thanh My Tay, Ho Chi Minh",,,,
National Citizen Bank | NCB,https://itviec.com/companies/national-citizen-bank-ncb,,Ha Noi,"Tòa nhà Ancora, số 3 Lương Yên , Hai Ba Trung, Ha Noi",,,,
Cloudteam,https://itviec.com/companies/cloudteam,,Ho Chi Minh,"No. 1 Street Number 7, Him Lam, Tan Hung, Ho Chi Minh",,,,
Trung tâm Ứng cứu khẩn cấp không gian mạng Việt Nam,https://itviec.com/companies/trung-tam-ung-cuu-khan-cap-khong-gian-mang-viet-nam,,Ha Noi,"Dương Đình Nghệ, Cau Giay, Ha Noi",,,,
VNSOLUTION,https://itviec.com/companies/vnsolution,,Ha Noi,"Đường Thành Thái, Dịch Vọng, Ha Noi",,,,
Gene Solutions,https://itviec.com/companies/gene-solutions,,Ho Chi Minh,"186-188 Nguyễn Duy Dương, Phường 03, Quận 10, Ho Chi Minh",,,,
CÔNG TY CỔ PHẦN HÒA BÌNH,https://itviec.com/companies/cong-ty-co-phan-hoa-binh,,Ho Chi Minh,"346- 350 đường Trần Văn Giàu , Phường Tân Tạo, HCM, Tan Tao, Ho Chi Minh",,,,
Công ty TNHH Thương mại - Dịch vụ Tân Hiệp Phát,https://itviec.com/companies/cong-ty-tnhh-thuong-mai-dich-vu-tan-hiep-phat,,Ho Chi Minh,Ho Chi Minh,,,,
Công ty Cổ phần Công nghệ NexGen VN,https://itviec.com/companies/cong-ty-co-phan-cong-nghe-nexgen-vn,,Ha Noi,"Số 15, ngõ 71 Nguyễn Thị Định, Yên Hòa, Hà Nội, Yen Hoa, Ha Noi",,,,
CTCP SÀN GIAO DỊCH TÀI SẢN MÃ HÓA VIỆT NAM THỊNH VƯỢNG (CAEX),https://itviec.com/companies/ctcp-san-giao-dich-tai-san-ma-hoa-viet-nam-thinh-vuong-caex,,Ha Noi,"Tầng 04, Tòa nhà số 5 Điện Biên Phủ, Phường Ba Đình, Ha Noi",,,,
GITS,https://itviec.com/companies/gits,,Ha Noi,"Trung Kính, Ha Noi",,,,
Fundiin,https://itviec.com/companies/fundiin,,Ho Chi Minh,"Tầng 7, tòa Lottery Tower, 77 Trần Nhân Tôn, An Dong, Ho Chi Minh",,,,
V-Knic,https://itviec.com/companies/v-knic,,Da Nang,"Tầng 15, Số 06 Nguyễn Văn Linh, Da Nang",,,,
TJ Tech,https://itviec.com/companies/tj-tech,,Ha Noi,"Capital Place, 29 Lieu Giai Street, Ngoc Ha Ward, Hanoi., Ngoc Ha, Ha Noi",,,,
Ngân hàng TMCP Phương Đông | OCB,https://itviec.com/companies/ngan-hang-tmcp-phuong-dong-ocb,,Ho Chi Minh,"The Hallmark Building, 15 Tran Bach Dang Street, An Khanh, Ho Chi Minh",,,,
CÔNG TY CỔ PHẦN THƯƠNG MẠI DƯỢC PHẨM ĐẠI PHÚC QUANG MINH,https://itviec.com/companies/cong-ty-co-phan-thuong-mai-duoc-pham-dai-phuc-quang-minh,,Ho Chi Minh,"B2A2_CN, Đường NE4, Khu công nghiệp Mỹ Phước 3, Phường Mỹ Phước, Thị xã Bến Cát, Tỉnh Bình Dương, Ho Chi Minh",,,,
Công ty Cổ phần giao dịch hàng hóa Gia Cát Lợi,https://itviec.com/companies/cong-ty-co-phan-giao-dich-hang-hoa-gia-cat-loi,,Ho Chi Minh,"163 Nguyễn Thị Nhung, KDC Vạn Phúc, Quốc lộ 13, Phường Hiệp Bình Phước, Ho Chi Minh",,,,
AURIFY,https://itviec.com/companies/aurify,,Ho Chi Minh,"215B10 Nguyễn Văn Hưởng, An Khanh, Ho Chi Minh",,,,
Logistics Technology Application (LTA),https://itviec.com/companies/logistics-technology-application-lta,,Ho Chi Minh,"Công ty Cổ phần Ứng dụng công nghệ Logistics (Logistics Technology Application Joint Stock Company) (LTA), 2A Đường Số 5, An Phú, Ho Chi Minh",,,,
FPT Digital,https://itviec.com/companies/fpt-digital,,Ha Noi,"FPT Tower, 10 Phạm Văn Bạch, P. Dịch Vọng, Q. Cầu Giấy, Hà Nội, Việt Nam, Ha Noi",,,,
Công ty TNHH Công nghệ và Truyền thông Thiên Khôi,https://itviec.com/companies/cong-ty-tnhh-cong-nghe-va-truyen-thong-thien-khoi,,Ha Noi,"Tầng 3, tòa nhà Mipec Tower, 229 Tây Sơn, Khương Thượng, Đống Đa, Ha Noi",,,,
VNB Global,https://itviec.com/companies/vnb-global,,Ha Noi,"Khu Galaxy, liền kề Ngân Hà, Tố Hữu, Hà Đông, Ha Noi",,,,
ROSEN ENGINEERING VIETNAM,https://itviec.com/companies/rosen-engineering-vietnam,,Ho Chi Minh,"4th Floor, Dashaus Building, 340/3 Ung Van Khiem Street, Thanh My Tay, Ho Chi Minh",,,,
CoderPush,https://itviec.com/companies/coderpush,,Ho Chi Minh,"Level 6, XYZ Building, 236/43/2 Dien Bien Phu Street, Gia Dinh, Ho Chi Minh",,,,
NGÂN HÀNG THƯƠNG MẠI TNHH MTV KỶ NGUYÊN THỊNH VƯỢNG (GPBANK),https://itviec.com/companies/ngan-hang-thuong-mai-tnhh-mtv-ky-nguyen-thinh-vuong-gpbank,,Ha Noi,"45 Nguyễn Văn Huyên, Ha Noi",,,,
Phu Hung Securities (PHS),https://itviec.com/companies/phu-hung-securities-phs,,Ho Chi Minh,"Tầng 21, Phú Mỹ Hưng Tower, số 08 Hoàng Văn Thái, Phường Tân Phú, Tan My, Ho Chi Minh",,,,
AcceleratorApp,https://itviec.com/companies/acceleratorapp,,Overseas,Overseas,,,,
FINVIET,https://itviec.com/companies/finviet,,Ho Chi Minh,"34 Hoang Viet, Tan Son Nhat, Ho Chi Minh",,,,
Oivan,https://itviec.com/companies/oivan,,Ho Chi Minh,"21 Phung Khac Khoan Street, Sai Gon, Ho Chi Minh",,,,
Silver Tiger Technology,https://itviec.com/companies/silver-tiger-technology,,Ho Chi Minh,"112 Lý Chính Thắng, Phường Xuân Hòa, Thành phố Hồ Chí Minh, Việt Nam, Xuan Hoa, Ho Chi Minh",,,,
Mercatus,https://itviec.com/companies/mercatus,,Ho Chi Minh,"9th Floor, Dreamplex Building,195 Đien Bien Phu, Gia Dinh Ward, Gia Dinh, Ho Chi Minh",,,,
MYMIND,https://itviec.com/companies/mymind,,Ho Chi Minh,"Betrimex Building, No. 63 Cao Thang Street, Ban Co, Ho Chi Minh",,,,
MAXIMUS SOLUTION COMPANY LIMITED,https://itviec.com/companies/maximus-solution-company-limited,,Ho Chi Minh,"3rd Floor, Kicotrans Building, No. 20 Song Thao, Tan Son Hoa Ward, Ho Chi Minh",,,,
MBAMC,https://itviec.com/companies/mbamc,,Ha Noi,"Tòa nhà 175 Giảng Võ, Ha Noi",,,,
Amnis Labs,,,Ha Noi,Nguồn: Danh sách tự gộp,0,,,
BCVV company limited,,,Ha Noi,Nguồn: Danh sách tự gộp,0,,,
Be VN,,,Ha Noi,Nguồn: Danh sách tự gộp,0,,,
Bravestars Games,,,Ha Noi,Nguồn: Danh sách tự gộp,0,,,
Cong ty Tomochain,,,Ha Noi,Nguồn: Danh sách tự gộp,0,,,
Cty CP Chứng khoán MB,,,Ha Noi,Nguồn: Danh sách tự gộp,0,,,
Cty CP Dữ Liệu IDC Viet Nam,,,Ha Noi,Nguồn: Danh sách tự gộp,0,,,
Cty CP Đầu tư công nghệ và TM Softdreams,,,Ha Noi,Nguồn: Danh sách tự gộp,0,,,
Cty TNHH Koei Tecmo Software VN,,,Ha Noi,Nguồn: Danh sách tự gộp,0,,,
CTY TNHH XÚC TIẾN THƯƠNG MẠI VÀ CÔNG NGHỆ ÁNH DƯƠNG (IPROTECH),,,Ha Noi,Nguồn: Danh sách tự gộp,0,,,
Công ty CP BGLOBAL,,,Ha Noi,Nguồn: Danh sách tự gộp,0,,,
Công ty CP Công nghệ BCVT (VNPT Technology),,,Ha Noi,Nguồn: Danh sách tự gộp,0,,,
Công ty CP công nghệ giáo dục Thiên Hà Xanh,,,Ha Noi,Nguồn: Danh sách tự gộp,0,,,
Công ty CP Công nghệ và Truyền thông Dagoras,,,Ha Noi,Nguồn: Danh sách tự gộp,0,,,
Công ty CP Giao hàng tiết kiệm,,,Ha Noi,Nguồn: Danh sách tự gộp,0,,,
Công ty CP NTQ,,,Ha Noi,Nguồn: Danh sách tự gộp,0,,,
Công ty CP Sức khoẻ & Cuộc sống AKIO,,,Ha Noi,Nguồn: Danh sách tự gộp,0,,,
Công ty CP Truyền Thông Văn Hóa Việt,,,Ha Noi,Nguồn: Danh sách tự gộp,0,,,
Công ty CP VNG Ha Noi,,,Ha Noi,Nguồn: Danh sách tự gộp,0,,,
Công ty cổ phần Adamo Software,,,Ha Noi,Nguồn: Danh sách tự gộp,0,,,
Công ty cổ phần AdFlex Việt Nam,,,Ha Noi,Nguồn: Danh sách tự gộp,0,,,
Công ty Cổ phần AHT TECH,,,Ha Noi,Nguồn: Danh sách tự gộp,0,,,
Công ty cổ phần AMELA Việt Nam,,,Ha Noi,Nguồn: Danh sách tự gộp,0,,,
Công ty cổ phần Appota,,,Ha Noi,Nguồn: Danh sách tự gộp,0,,,
Công ty cổ phần Base Enterprise,,,Ha Noi,Nguồn: Danh sách tự gộp,0,,,
Công ty cổ phần Bkav,,,Ha Noi,Nguồn: Danh sách tự gộp,0,,,
Công ty cổ phần Canary Software,,,Ha Noi,Nguồn: Danh sách tự gộp,0,,,
Công ty Cổ phần Chuyển đổi số SME,,,Ha Noi,Nguồn: Danh sách tự gộp,0,,,
Công ty cổ phần công nghệ Andromeda,,,Ha Noi,Nguồn: Danh sách tự gộp,0,,,
Công ty cổ phần công nghệ Chân Không,,,Ha Noi,Nguồn: Danh sách tự gộp,0,,,
Công ty cổ phần công nghệ DopikAI,,,Ha Noi,Nguồn: Danh sách tự gộp,0,,,
CÔNG TY CỔ PHẦN CÔNG NGHỆ GIÁO DỤC AZOTA,,,Ha Noi,Nguồn: Danh sách tự gộp,0,,,
Công ty cổ phần công nghệ PhysCode Việt,,,Ha Noi,Nguồn: Danh sách tự gộp,0,,,
Công ty cổ phần công nghệ Proton,,,Ha Noi,Nguồn: Danh sách tự gộp,0,,,
CÔNG TY CỔ PHẦN CÔNG NGHỆ SOTATEK,,,Ha Noi,Nguồn: Danh sách tự gộp,0,,,
Công ty cổ phần công nghệ Teko Việt Nam,,,Ha Noi,Nguồn: Danh sách tự gộp,0,,,
Công Ty Cổ Phần Công Nghệ Thông Tin SMAC Việt Nam,,,Ha Noi,Nguồn: Danh sách tự gộp,0,,,
Công ty Cổ phần Công nghệ và Dịch vụ Xgame,,,Ha Noi,Nguồn: Danh sách tự gộp,0,,,
Công ty Cổ phần Công nghệ và Giải pháp SIMAX,,,Ha Noi,Nguồn: Danh sách tự gộp,0,,,
Công ty cổ phần công nghệ và thương mại Pal Việt Nam,,,Ha Noi,Nguồn: Danh sách tự gộp,0,,,
CÔNG TY CỔ PHẦN DỊCH VỤ VÀ ĐẦU TƯ Y TẾ NEO,,,Ha Noi,Nguồn: Danh sách tự gộp,0,,,
Công ty cổ phần du lịch Việt Nam Vntravel,,,Ha Noi,Nguồn: Danh sách tự gộp,0,,,
Công ty Cổ phần DV truyền thông & Du lịch Á Châu,,,Ha Noi,Nguồn: Danh sách tự gộp,0,,,
Công ty Cổ phần Dịch vụ Chữ ký số Intrust,,,Ha Noi,Nguồn: Danh sách tự gộp,0,,,
CÔNG TY CỔ PHẦN GIÁO DỤC VÀ THƯƠNG MẠI RIKI VIỆT NAM,,,Ha Noi,Nguồn: Danh sách tự gộp,0,,,
Công Ty Cổ Phần Giải Pháp CNTT Quốc Tế (www.interits.com),,,Ha Noi,Nguồn: Danh sách tự gộp,0,,,
Công ty Cổ phần Giải pháp Công nghệ GO (Go Solutions),,,Ha Noi,Nguồn: Danh sách tự gộp,0,,,
Công ty Cổ phần Giải pháp Công nghệ thông tin Quốc tế (ITS),,,Ha Noi,Nguồn: Danh sách tự gộp,0,,,
Công Ty Cổ Phần Giải Pháp Công Nghệ VOTC,,,Ha Noi,Nguồn: Danh sách tự gộp,0,,,
Công ty cổ phần giải pháp First Trust Việt Nam,,,Ha Noi,Nguồn: Danh sách tự gộp,0,,,
Công ty Cổ phần Giải pháp Phần mềm Teko,,,Ha Noi,Nguồn: Danh sách tự gộp,0,,,
Công ty cổ phần GSC Việt Nam,,,Ha Noi,Nguồn: Danh sách tự gộp,0,,,
Công ty cổ phần HBLab,,,Ha Noi,Nguồn: Danh sách tự gộp,0,,,
Công ty Cổ phần Hệ thống công nghệ ETC,,,Ha Noi,Nguồn: Danh sách tự gộp,0,,,
Công ty Cổ phần INMATECH,,,Ha Noi,Nguồn: Danh sách tự gộp,0,,,
Công ty Cổ phần JobOKO Toàn Cầu,,,Ha Noi,Nguồn: Danh sách tự gộp,0,,,
CÔNG TY CỔ PHẦN KHOA HỌC DỮ LIỆU,,,Ha Noi,Nguồn: Danh sách tự gộp,0,,,
Công ty cổ phần Kinh doanh F88,,,Ha Noi,Nguồn: Danh sách tự gộp,0,,,
Công ty cổ phần KYODAI,,,Ha Noi,Nguồn: Danh sách tự gộp,0,,,
Công ty cổ phần MISA,,,Ha Noi,Nguồn: Danh sách tự gộp,0,,,
CÔNG TY CỔ PHẦN PHẦN MỀM LUVINA,,,Ha Noi,Nguồn: Danh sách tự gộp,0,,,
Công ty Cổ phần Quốc tế Đầu tư và Phát triển Công nghệ Thành Công (Sau đây gọi là BSS Group),,,Ha Noi,Nguồn: Danh sách tự gộp,0,,,
Công ty Cổ phần Smartmove Vietnam,,,Ha Noi,Nguồn: Danh sách tự gộp,0,,,
Công ty cổ phần SmartOSC,,,Ha Noi,Nguồn: Danh sách tự gộp,0,,,
Công ty Cổ phần SONAT,,,Ha Noi,Nguồn: Danh sách tự gộp,0,,,
Công ty Cổ phần Sonat - Sonat Game,,,Ha Noi,Nguồn: Danh sách tự gộp,0,,,
CÔNG TY CỔ PHẦN SUN.STUDIO,,,Ha Noi,Nguồn: Danh sách tự gộp,0,,,
Công ty Cổ phần Tin học – Viễn thông Hàng không (AITS),,,Ha Noi,Nguồn: Danh sách tự gộp,0,,,
Công ty cổ phần Tokyo Tech Lab Việt Nam,,,Ha Noi,Nguồn: Danh sách tự gộp,0,,,
Công ty cổ phần truyền thông Luật Việt Nam,,,Ha Noi,Nguồn: Danh sách tự gộp,0,,,
Công ty cổ phần truyền thông và dịch vụ NODO,,,Ha Noi,Nguồn: Danh sách tự gộp,0,,,
Công ty cổ phần tập đoàn Ominext,,,Ha Noi,Nguồn: Danh sách tự gộp,0,,,
Công ty Cổ phần Tập đoàn Đèo Cả,,,Ha Noi,Nguồn: Danh sách tự gộp,0,,,
Công ty Cổ phần VCCorp,,,Ha Noi,Nguồn: Danh sách tự gộp,0,,,
Công ty cổ phần viễn thông và truyền thông Medialine,,,Ha Noi,Nguồn: Danh sách tự gộp,0,,,
Công ty Cổ phần VTI,,,Ha Noi,Nguồn: Danh sách tự gộp,0,,,
Công ty cổ phần đầu tư phát triển công nghệ GEC,,,Ha Noi,Nguồn: Danh sách tự gộp,0,,,
Công ty cổ phần ứng dụng công nghệ mới Orenji,,,Ha Noi,Nguồn: Danh sách tự gộp,0,,,
Công ty TNHH 1C Việt Nam,,,Ha Noi,Nguồn: Danh sách tự gộp,0,,,
CÔNG TY TNHH BORDER Z VIETNAM,,,Ha Noi,Nguồn: Danh sách tự gộp,0,,,
Công ty TNHH Công Nghệ Anh Quân,,,Ha Noi,Nguồn: Danh sách tự gộp,0,,,
Công ty TNHH Công Nghệ ezCloud Toàn Cầu,,,Ha Noi,Nguồn: Danh sách tự gộp,0,,,
Công ty TNHH Công nghệ Phần mềm Kaopiz,,,Ha Noi,Nguồn: Danh sách tự gộp,0,,,
Công ty TNHH Công nghệ Sli,,,Ha Noi,Nguồn: Danh sách tự gộp,0,,,
Công ty TNHH DAC Data Science Việt Nam,,,Ha Noi,Nguồn: Danh sách tự gộp,0,,,
Công ty TNHH DLABS,,,Ha Noi,Nguồn: Danh sách tự gộp,0,,,
CÔNG TY TNHH DỊCH VỤ CÔNG NGHỆ TP,,,Ha Noi,Nguồn: Danh sách tự gộp,0,,,
Công ty TNHH Dịch vụ IT X,,,Ha Noi,Nguồn: Danh sách tự gộp,0,,,
Công ty TNHH Dịch vụ Phần mềm Sao Khuê,,,Ha Noi,Nguồn: Danh sách tự gộp,0,,,
Công ty TNHH ENTETSU Việt Nam,,,Ha Noi,Nguồn: Danh sách tự gộp,0,,,
Công ty TNHH Gameloft Vietnam,,,Ha Noi,Nguồn: Danh sách tự gộp,0,,,
Công ty TNHH Giáo dục Edmicro,,,Ha Noi,Nguồn: Danh sách tự gộp,0,,,
Công ty TNHH Giải pháp Etron,,,Ha Noi,Nguồn: Danh sách tự gộp,0,,,
CÔNG TY TNHH GIẢI PHÁP PHẦN MỀM SERVICES ENGINE,,,Ha Noi,Nguồn: Danh sách tự gộp,0,,,
Công ty TNHH Harvey Nash (Vietnam),,,Ha Noi,Nguồn: Danh sách tự gộp,0,,,
Công ty TNHH JITS Innovation Labs,,,Ha Noi,Nguồn: Danh sách tự gộp,0,,,
Công ty TNHH Kiaisoft Việt Nam,,,Ha Noi,Nguồn: Danh sách tự gộp,0,,,
CÔNG TY TNHH KOEI TECMO SOFTWARE VIỆT NAM,,,Ha Noi,Nguồn: Danh sách tự gộp,0,,,
CÔNG TY TNHH LG INNOTEK VIỆT NAM HẢI PHÒNG,,,Ha Noi,Nguồn: Danh sách tự gộp,0,,,
Công ty TNHH Phần mềm FPT (Fsoft),,,Ha Noi,Nguồn: Danh sách tự gộp,0,,,
Công ty TNHH phần mềm Twendee,,,Ha Noi,Nguồn: Danh sách tự gộp,0,,,
Công ty TNHH Phần mềm đầu tư WorldQuant Việt Nam,,,Ha Noi,Nguồn: Danh sách tự gộp,0,,,
Công ty TNHH Septeni Technology,,,Ha Noi,Nguồn: Danh sách tự gộp,0,,,
Công ty TNHH SUN ASTERISK VIỆT NAM,,,Ha Noi,Nguồn: Danh sách tự gộp,0,,,
Công ty TNHH Sunny Opotech Việt Nam,,,Ha Noi,Nguồn: Danh sách tự gộp,0,,,
Công ty TNHH Tích hợp thông minh,,,Ha Noi,Nguồn: Danh sách tự gộp,0,,,
Công ty TNHH Usol Việt Nam,,,Ha Noi,Nguồn: Danh sách tự gộp,0,,,
"Công ty TNHH Vật tư nông nghiệp, Xây dựng Anh Thái",,,Ha Noi,Nguồn: Danh sách tự gộp,0,,,
CÔNG TY TNHH ĐIỆN TỬ BYD VIỆT NAM,,,Ha Noi,Nguồn: Danh sách tự gộp,0,,,
Dagoras,,,Ha Noi,Nguồn: Danh sách tự gộp,0,,,
Delectech,,,Ha Noi,Nguồn: Danh sách tự gộp,0,,,
Fabbi JSC,,,Ha Noi,Nguồn: Danh sách tự gộp,0,,,
Falcon Game Studio,,,Ha Noi,Nguồn: Danh sách tự gộp,0,,,
Foobla (Merchize),,,Ha Noi,Nguồn: Danh sách tự gộp,0,,,
FPT Cloud,,,Ha Noi,Nguồn: Danh sách tự gộp,0,,,
FPT Smart Cloud,,,Ha Noi,Nguồn: Danh sách tự gộp,0,,,
FPT Telecom,,,Ha Noi,Nguồn: Danh sách tự gộp,0,,,
GEM,,,Ha Noi,Nguồn: Danh sách tự gộp,0,,,
IEC Games,,,Ha Noi,Nguồn: Danh sách tự gộp,0,,,
Kaopiz Holdings,,,Ha Noi,Nguồn: Danh sách tự gộp,0,,,
Kyber Network,,,Ha Noi,Nguồn: Danh sách tự gộp,0,,,
"LG CNS Viet Nam Co.,Ltd",,,Ha Noi,Nguồn: Danh sách tự gộp,0,,,
LG DISPLAY VIỆT NAM HẢI PHÒNG,,,Ha Noi,Nguồn: Danh sách tự gộp,0,,,
Motionscloud GmbH,,,Ha Noi,Nguồn: Danh sách tự gộp,0,,,
NAB Innovation Centre Vietnam (NAB Vietnam),,,Ha Noi,Nguồn: Danh sách tự gộp,0,,,
Next Robotics Joint-stock Company,,,Ha Noi,Nguồn: Danh sách tự gộp,0,,,
NextTech,,,Ha Noi,Nguồn: Danh sách tự gộp,0,,,
NTQ Solution,,,Ha Noi,Nguồn: Danh sách tự gộp,0,,,
NTT Data,,,Ha Noi,Nguồn: Danh sách tự gộp,0,,,
Omi Group,,,Ha Noi,Nguồn: Danh sách tự gộp,0,,,
Rocket Game Studio,,,Ha Noi,Nguồn: Danh sách tự gộp,0,,,
Samsung Electronics Việt Nam Thái Nguyên,,,Ha Noi,Nguồn: Danh sách tự gộp,0,,,
Savvycom,,,Ha Noi,Nguồn: Danh sách tự gộp,0,,,
SEEDOO JSC,,,Ha Noi,Nguồn: Danh sách tự gộp,0,,,
SotaTek,,,Ha Noi,Nguồn: Danh sách tự gộp,0,,,
Sun*,,,Ha Noi,Nguồn: Danh sách tự gộp,0,,,
Tokyo Techies,,,Ha Noi,Nguồn: Danh sách tự gộp,0,,,
TRANQUIL MIND TECHNOLOGY JOINT STOCK COMPANY,,,Ha Noi,Nguồn: Danh sách tự gộp,0,,,
Trung tâm anh ngữ A&U,,,Ha Noi,Nguồn: Danh sách tự gộp,0,,,
Trung tâm Công nghệ Thông tin MobiFone – Chi nhánh Tổng Công ty Viễn Thông MobiFone,,,Ha Noi,Nguồn: Danh sách tự gộp,0,,,
Tập đoàn Bưu chính viễn Thông VNPT,,,Ha Noi,Nguồn: Danh sách tự gộp,0,,,
Tập đoàn Công nghiệp - Viễn thông Quân đội (Viettel Group),,,Ha Noi,Nguồn: Danh sách tự gộp,0,,,
Tổng công ty Viettel,,,Ha Noi,Nguồn: Danh sách tự gộp,0,,,
USI Việt Nam,,,Ha Noi,Nguồn: Danh sách tự gộp,0,,,
Vietel Software (Công ty TNHH MTV Đầu Tư Công Nghệ Viettel),,,Ha Noi,Nguồn: Danh sách tự gộp,0,,,
Viettel NET,,,Ha Noi,Nguồn: Danh sách tự gộp,0,,,
"Viện HKVT, Viettel",,,Ha Noi,Nguồn: Danh sách tự gộp,0,,,
Viện Hàng không Vũ trụ Viettel (Viettel Aerospace),,,Ha Noi,Nguồn: Danh sách tự gộp,0,,,
VNPay,,,Ha Noi,Nguồn: Danh sách tự gộp,0,,,
zen8labs,,,Ha Noi,Nguồn: Danh sách tự gộp,0,,,
Techcom Securities (TCBS),,,Ha Noi,Nguồn: Danh sách tự gộp,0,,,
Asilla,,,Ha Noi,Nguồn: Danh sách tự gộp,0,,,
INTOWELL,,,Ha Noi,Nguồn: Danh sách tự gộp,0,,,
Hanoi K-Lab,,,Ha Noi,Nguồn: Danh sách tự gộp,0,,,
"SOFTFLEX LLC CO.,LTD",,,Ha Noi,Nguồn: Danh sách tự gộp,0,,,
FLYER.vn,,,Ha Noi,Nguồn: Danh sách tự gộp,0,,,
CÔNG TY CỔ PHẦN CMC OPENAI,,,Ha Noi,Nguồn: Danh sách tự gộp,0,,,
VSI (VietSoftware International),,,Ha Noi,Nguồn: Danh sách tự gộp,0,,,
FETEK Technology Company Limited,,,Ha Noi,Nguồn: Danh sách tự gộp,0,,,
Công ty TNHH TM và Giao nhận vận tải quốc tế Trang Huy,,,Ha Noi,Nguồn: Danh sách tự gộp,0,,,
CÔNG TY TNHH TÍCH HỢP HỆ THỐNG NHT,,,Ha Noi,Nguồn: Danh sách tự gộp,0,,,
National Citizen Bank (NCB),,,Ha Noi,Nguồn: Danh sách tự gộp,0,,,
Switch Supply Pty Ltd,,,Ha Noi,Nguồn: Danh sách tự gộp,0,,,
911 GROUP (Năm Sao),,,Ha Noi,Nguồn: Danh sách tự gộp,0,,,
CÔNG TY CP TƯ VẤN ĐẦU TƯ VÀ XÂY DỰNG GTVT,,,Ha Noi,Nguồn: Danh sách tự gộp,0,,,
MBAMC (Quản lý nợ MB),,,Ha Noi,Nguồn: Danh sách tự gộp,0,,,
ICEBEAR (Studio Game),,,Ha Noi,Nguồn: Danh sách tự gộp,0,,,
MB Life (MB Ageas Life),,,Ha Noi,Nguồn: Danh sách tự gộp,0,,,
MSB (Maritime Bank),,,Ha Noi,Nguồn: Danh sách tự gộp,0,,,
Mathpresso Việt Nam,,,Ha Noi,Nguồn: Danh sách tự gộp,0,,,
NaviWorld,,,Ha Noi,Nguồn: Danh sách tự gộp,0,,,
Trung tâm Ứng cứu khẩn cấp không gian mạng Việt Nam (VNCERT;CC),,,Ha Noi,Nguồn: Danh sách tự gộp,0,,,
LG CNS Việt Nam,,,Ha Noi,Nguồn: Danh sách tự gộp,0,,,
Viettel Post,,,Ha Noi,Nguồn: Danh sách tự gộp,0,,,
